-- MySQL dump 10.13  Distrib 8.0.19, for Win64 (x86_64)
--
-- Host: us-cdbr-east-02.cleardb.com    Database: heroku_ca8508699f3bdb0
-- ------------------------------------------------------
-- Server version	5.5.62-log

/*!40101 SET @OLD_CHARACTER_SET_CLIENT=@@CHARACTER_SET_CLIENT */;
/*!40101 SET @OLD_CHARACTER_SET_RESULTS=@@CHARACTER_SET_RESULTS */;
/*!40101 SET @OLD_COLLATION_CONNECTION=@@COLLATION_CONNECTION */;
/*!50503 SET NAMES utf8 */;
/*!40103 SET @OLD_TIME_ZONE=@@TIME_ZONE */;
/*!40103 SET TIME_ZONE='+00:00' */;
/*!40014 SET @OLD_UNIQUE_CHECKS=@@UNIQUE_CHECKS, UNIQUE_CHECKS=0 */;
/*!40014 SET @OLD_FOREIGN_KEY_CHECKS=@@FOREIGN_KEY_CHECKS, FOREIGN_KEY_CHECKS=0 */;
/*!40101 SET @OLD_SQL_MODE=@@SQL_MODE, SQL_MODE='NO_AUTO_VALUE_ON_ZERO' */;
/*!40111 SET @OLD_SQL_NOTES=@@SQL_NOTES, SQL_NOTES=0 */;

--
-- Table structure for table `actions`
--

DROP TABLE IF EXISTS `actions`;
/*!40101 SET @saved_cs_client     = @@character_set_client */;
/*!50503 SET character_set_client = utf8mb4 */;
CREATE TABLE `actions` (
  `id` int(11) NOT NULL AUTO_INCREMENT,
  `treatmentId` int(11) DEFAULT NULL,
  `actiontaken` varchar(255) DEFAULT NULL,
  `date` date DEFAULT NULL,
  `archive` int(11) DEFAULT '0',
  `createdAt` datetime NOT NULL,
  `updatedAt` datetime NOT NULL,
  `diagnosis` varchar(255) DEFAULT NULL,
  `starttime` datetime DEFAULT NULL,
  `endtime` datetime DEFAULT NULL,
  PRIMARY KEY (`id`)
) ENGINE=InnoDB AUTO_INCREMENT=301 DEFAULT CHARSET=latin1;
/*!40101 SET character_set_client = @saved_cs_client */;

--
-- Dumping data for table `actions`
--

LOCK TABLES `actions` WRITE;
/*!40000 ALTER TABLE `actions` DISABLE KEYS */;
INSERT INTO `actions` VALUES (1,51,'Cleaning','2020-08-01',0,'2020-08-01 07:26:27','2020-08-01 07:26:27','Damaged teeth','2020-08-01 10:00:00','2020-08-01 11:00:00'),(11,31,'Clean and repair','2020-08-08',0,'2020-08-01 07:41:31','2020-08-01 07:41:31','Dying Teeth','2020-08-08 11:00:00','2020-08-08 13:00:00'),(21,131,'consultation','2020-08-11',0,'2020-08-03 11:42:46','2020-08-03 11:42:46','Too many broken teeth','2020-08-11 10:00:00','2020-08-11 11:00:00'),(31,171,'Repair','2020-08-05',0,'2020-08-05 14:31:09','2020-08-05 14:31:09','Teeth got worst','2020-08-05 10:00:00','2020-08-05 11:00:00'),(41,231,'repair','2020-08-24',0,'2020-08-16 10:32:30','2020-08-16 10:32:30','broken teeth','2020-08-24 11:00:00','2020-08-24 11:30:00'),(61,281,'','2020-08-24',0,'2020-08-16 13:03:41','2020-08-16 13:03:41','ksjfalkfjaslk','2020-08-24 10:00:00','2020-08-24 13:00:00'),(71,271,'KLS;KFAL;DF','2020-08-24',0,'2020-08-16 13:04:18','2020-08-16 13:04:18',';alfja;slfj','2020-08-24 10:00:00','2020-08-24 13:00:00'),(81,371,'repair','2020-08-24',0,'2020-08-24 03:22:31','2020-08-24 03:22:31','damage teeth','2020-08-24 11:00:00','2020-08-24 12:00:00'),(91,441,'ardstrfd','2020-08-24',0,'2020-08-24 03:23:24','2020-08-24 03:23:24','fdgsfhdh','2020-08-24 11:00:00','2020-08-24 12:00:00'),(101,401,'gsfgsg','2020-08-24',0,'2020-08-24 06:45:42','2020-08-24 06:45:42','assaf','2020-08-24 14:00:00','2020-08-24 15:00:00'),(111,391,'gdsg','2020-08-24',0,'2020-08-24 06:46:14','2020-08-24 06:46:14','sasfdf','2020-08-24 14:00:00','2020-08-24 15:00:00'),(121,451,'repair','2020-08-30',0,'2020-08-30 03:11:56','2020-08-30 03:11:56','damage teeth','2020-08-30 10:30:00','2020-08-30 11:30:00'),(131,491,'x-ray','2020-09-02',0,'2020-09-02 02:43:33','2020-09-02 02:43:33','For checking teeth status','2020-09-02 11:00:00','2020-09-02 12:00:00'),(141,481,'x-ray','2020-09-02',0,'2020-09-02 02:44:45','2020-09-02 02:44:45','there\'s a damage tooth','2020-09-02 11:00:00','2020-09-02 12:00:00'),(151,511,'Consulatation','2020-09-02',0,'2020-09-02 02:50:49','2020-09-02 02:50:49','To check if there\'s swollen gums','2020-09-02 11:00:00','2020-09-02 12:00:00'),(161,571,'check-up','2020-09-05',0,'2020-09-05 03:54:46','2020-09-05 03:54:46','damaged teeth','2020-09-05 13:30:00','2020-09-05 14:30:00'),(171,581,'took an x-ray','2020-09-05',0,'2020-09-05 03:56:13','2020-09-05 03:56:13','there\'s probably damage teeth','2020-09-05 13:30:00','2020-09-05 14:30:00'),(181,641,'consultation','2020-09-05',0,'2020-09-05 04:04:57','2020-09-05 04:04:57','patient suffer tooth ache because of these teeth','2020-09-05 13:40:00','2020-09-05 14:30:00'),(191,611,'consultation','2020-09-05',0,'2020-09-05 04:08:09','2020-09-05 04:08:09','swollen tooth','2020-09-05 13:40:00','2020-09-05 14:40:00'),(201,711,'FFFAF','2020-09-08',0,'2020-09-08 03:32:02','2020-09-08 03:32:02','DAFSF','2020-09-08 10:00:00','2020-09-08 11:00:00'),(211,721,'VDSD','2020-09-08',0,'2020-09-08 03:32:37','2020-09-08 03:32:37','ADAF','2020-09-08 11:00:00','2020-09-08 00:00:00'),(221,761,'asjabfasjfb','2020-09-08',0,'2020-09-08 05:41:22','2020-09-08 05:41:22','dshfskdjf','2020-09-08 13:40:00','2020-09-08 14:40:00'),(231,781,'hfdhfdh','2020-09-08',0,'2020-09-08 05:41:55','2020-09-08 05:41:55','dgsd','2020-09-08 13:40:00','2020-09-08 14:40:00'),(241,841,'asbfsdnbfdsj','2020-09-21',0,'2020-09-12 04:45:14','2020-09-12 04:45:14','fasfdfdg','2020-09-21 10:00:00','2020-09-21 11:00:00'),(251,851,'dsgsdgd','2020-09-21',0,'2020-09-12 04:45:39','2020-09-12 04:45:39','afsaf','2020-09-21 10:00:00','2020-09-21 11:00:00'),(261,911,'slhfdjlgbkfl','2020-09-21',0,'2020-09-12 04:55:20','2020-09-12 04:55:20','afajfskvgb','2020-09-21 12:00:00','2020-09-21 13:00:00'),(271,1191,'nag lagay braces','2020-09-15',0,'2020-09-15 05:05:02','2020-09-15 05:05:02','maraming sungki','2020-09-15 13:00:00','2020-09-15 14:00:00'),(281,1201,'need for tooth extraction','2020-09-15',0,'2020-09-15 05:06:00','2020-09-15 05:06:00','shafjfh','2020-09-15 13:00:00','2020-09-15 14:00:00'),(291,1211,'extraction','2020-09-15',0,'2020-09-15 05:06:55','2020-09-15 05:06:55','damaged','2020-09-15 13:00:00','2020-09-15 14:00:00');
/*!40000 ALTER TABLE `actions` ENABLE KEYS */;
UNLOCK TABLES;

--
-- Table structure for table `actionteeths`
--

DROP TABLE IF EXISTS `actionteeths`;
/*!40101 SET @saved_cs_client     = @@character_set_client */;
/*!50503 SET character_set_client = utf8mb4 */;
CREATE TABLE `actionteeths` (
  `id` int(11) NOT NULL AUTO_INCREMENT,
  `actionId` int(11) DEFAULT NULL,
  `teethId` int(11) DEFAULT NULL,
  `createdAt` datetime NOT NULL,
  `updatedAt` datetime NOT NULL,
  PRIMARY KEY (`id`)
) ENGINE=InnoDB AUTO_INCREMENT=2121 DEFAULT CHARSET=latin1;
/*!40101 SET character_set_client = @saved_cs_client */;

--
-- Dumping data for table `actionteeths`
--

LOCK TABLES `actionteeths` WRITE;
/*!40000 ALTER TABLE `actionteeths` DISABLE KEYS */;
INSERT INTO `actionteeths` VALUES (1,1,811,'2020-08-01 07:26:27','2020-08-01 07:26:27'),(11,1,1001,'2020-08-01 07:26:27','2020-08-01 07:26:27'),(21,11,471,'2020-08-01 07:41:31','2020-08-01 07:41:31'),(31,11,731,'2020-08-01 07:41:31','2020-08-01 07:41:31'),(41,11,561,'2020-08-01 07:41:31','2020-08-01 07:41:31'),(51,21,821,'2020-08-03 11:42:46','2020-08-03 11:42:46'),(61,21,961,'2020-08-03 11:42:46','2020-08-03 11:42:46'),(71,21,791,'2020-08-03 11:42:46','2020-08-03 11:42:46'),(81,21,1011,'2020-08-03 11:42:46','2020-08-03 11:42:46'),(91,31,831,'2020-08-05 14:31:09','2020-08-05 14:31:09'),(101,31,971,'2020-08-05 14:31:09','2020-08-05 14:31:09'),(111,31,991,'2020-08-05 14:31:09','2020-08-05 14:31:09'),(121,31,791,'2020-08-05 14:31:09','2020-08-05 14:31:09'),(131,41,801,'2020-08-16 10:32:30','2020-08-16 10:32:30'),(141,41,1051,'2020-08-16 10:32:30','2020-08-16 10:32:30'),(151,41,1021,'2020-08-16 10:32:30','2020-08-16 10:32:30'),(361,61,2571,'2020-08-16 13:03:41','2020-08-16 13:03:41'),(371,61,2401,'2020-08-16 13:03:41','2020-08-16 13:03:41'),(381,61,2551,'2020-08-16 13:03:41','2020-08-16 13:03:41'),(391,61,2391,'2020-08-16 13:03:41','2020-08-16 13:03:41'),(401,61,2381,'2020-08-16 13:03:41','2020-08-16 13:03:41'),(411,61,2541,'2020-08-16 13:03:41','2020-08-16 13:03:41'),(421,61,2561,'2020-08-16 13:03:41','2020-08-16 13:03:41'),(431,61,2411,'2020-08-16 13:03:41','2020-08-16 13:03:41'),(441,61,2371,'2020-08-16 13:03:41','2020-08-16 13:03:41'),(451,61,2531,'2020-08-16 13:03:41','2020-08-16 13:03:41'),(461,71,2591,'2020-08-16 13:04:18','2020-08-16 13:04:18'),(471,71,2581,'2020-08-16 13:04:18','2020-08-16 13:04:18'),(481,71,2571,'2020-08-16 13:04:18','2020-08-16 13:04:18'),(491,71,2561,'2020-08-16 13:04:18','2020-08-16 13:04:18'),(501,71,2391,'2020-08-16 13:04:18','2020-08-16 13:04:18'),(511,71,2401,'2020-08-16 13:04:18','2020-08-16 13:04:18'),(521,71,2411,'2020-08-16 13:04:18','2020-08-16 13:04:18'),(531,81,1591,'2020-08-24 03:22:31','2020-08-24 03:22:31'),(541,81,1441,'2020-08-24 03:22:31','2020-08-24 03:22:31'),(551,81,1451,'2020-08-24 03:22:31','2020-08-24 03:22:31'),(561,81,1611,'2020-08-24 03:22:31','2020-08-24 03:22:31'),(571,81,1631,'2020-08-24 03:22:31','2020-08-24 03:22:31'),(581,81,1651,'2020-08-24 03:22:31','2020-08-24 03:22:31'),(591,81,1501,'2020-08-24 03:22:31','2020-08-24 03:22:31'),(601,81,1671,'2020-08-24 03:22:31','2020-08-24 03:22:31'),(611,91,1601,'2020-08-24 03:23:24','2020-08-24 03:23:24'),(621,91,1441,'2020-08-24 03:23:24','2020-08-24 03:23:24'),(631,91,1451,'2020-08-24 03:23:24','2020-08-24 03:23:24'),(641,91,1611,'2020-08-24 03:23:24','2020-08-24 03:23:24'),(651,91,1621,'2020-08-24 03:23:24','2020-08-24 03:23:24'),(661,91,1631,'2020-08-24 03:23:24','2020-08-24 03:23:24'),(671,101,3081,'2020-08-24 06:45:42','2020-08-24 06:45:42'),(681,101,3221,'2020-08-24 06:45:42','2020-08-24 06:45:42'),(691,101,3201,'2020-08-24 06:45:42','2020-08-24 06:45:42'),(701,101,3041,'2020-08-24 06:45:42','2020-08-24 06:45:42'),(711,101,3031,'2020-08-24 06:45:42','2020-08-24 06:45:42'),(721,111,3261,'2020-08-24 06:46:14','2020-08-24 06:46:14'),(731,111,3251,'2020-08-24 06:46:14','2020-08-24 06:46:14'),(741,111,3081,'2020-08-24 06:46:14','2020-08-24 06:46:14'),(751,111,3061,'2020-08-24 06:46:14','2020-08-24 06:46:14'),(761,111,3221,'2020-08-24 06:46:14','2020-08-24 06:46:14'),(771,111,3211,'2020-08-24 06:46:14','2020-08-24 06:46:14'),(781,111,3201,'2020-08-24 06:46:14','2020-08-24 06:46:14'),(791,111,3181,'2020-08-24 06:46:14','2020-08-24 06:46:14'),(801,111,3171,'2020-08-24 06:46:14','2020-08-24 06:46:14'),(811,111,3011,'2020-08-24 06:46:14','2020-08-24 06:46:14'),(821,111,3191,'2020-08-24 06:46:14','2020-08-24 06:46:14'),(831,111,3021,'2020-08-24 06:46:14','2020-08-24 06:46:14'),(841,111,3031,'2020-08-24 06:46:14','2020-08-24 06:46:14'),(851,121,2231,'2020-08-30 03:11:56','2020-08-30 03:11:56'),(861,121,2241,'2020-08-30 03:11:56','2020-08-30 03:11:56'),(871,121,2091,'2020-08-30 03:11:56','2020-08-30 03:11:56'),(881,121,2281,'2020-08-30 03:11:56','2020-08-30 03:11:56'),(891,121,2121,'2020-08-30 03:11:56','2020-08-30 03:11:56'),(901,121,2271,'2020-08-30 03:11:56','2020-08-30 03:11:56'),(911,121,2261,'2020-08-30 03:11:56','2020-08-30 03:11:56'),(921,121,2101,'2020-08-30 03:11:56','2020-08-30 03:11:56'),(931,121,2131,'2020-08-30 03:11:56','2020-08-30 03:11:56'),(941,121,2291,'2020-08-30 03:11:56','2020-08-30 03:11:56'),(951,131,791,'2020-09-02 02:43:33','2020-09-02 02:43:33'),(961,131,801,'2020-09-02 02:43:33','2020-09-02 02:43:33'),(971,131,811,'2020-09-02 02:43:33','2020-09-02 02:43:33'),(981,131,821,'2020-09-02 02:43:33','2020-09-02 02:43:33'),(991,131,831,'2020-09-02 02:43:33','2020-09-02 02:43:33'),(1001,131,851,'2020-09-02 02:43:33','2020-09-02 02:43:33'),(1011,131,861,'2020-09-02 02:43:33','2020-09-02 02:43:33'),(1021,131,871,'2020-09-02 02:43:33','2020-09-02 02:43:33'),(1031,131,891,'2020-09-02 02:43:33','2020-09-02 02:43:33'),(1041,131,881,'2020-09-02 02:43:33','2020-09-02 02:43:33'),(1051,131,901,'2020-09-02 02:43:33','2020-09-02 02:43:33'),(1061,131,911,'2020-09-02 02:43:33','2020-09-02 02:43:33'),(1071,131,1081,'2020-09-02 02:43:33','2020-09-02 02:43:33'),(1081,131,1071,'2020-09-02 02:43:33','2020-09-02 02:43:33'),(1091,131,1061,'2020-09-02 02:43:33','2020-09-02 02:43:33'),(1101,131,1051,'2020-09-02 02:43:33','2020-09-02 02:43:33'),(1111,131,1031,'2020-09-02 02:43:33','2020-09-02 02:43:33'),(1121,131,1011,'2020-09-02 02:43:33','2020-09-02 02:43:33'),(1131,141,771,'2020-09-02 02:44:45','2020-09-02 02:44:45'),(1141,141,781,'2020-09-02 02:44:45','2020-09-02 02:44:45'),(1151,141,791,'2020-09-02 02:44:45','2020-09-02 02:44:45'),(1161,141,801,'2020-09-02 02:44:45','2020-09-02 02:44:45'),(1171,141,811,'2020-09-02 02:44:45','2020-09-02 02:44:45'),(1181,141,981,'2020-09-02 02:44:45','2020-09-02 02:44:45'),(1191,141,821,'2020-09-02 02:44:45','2020-09-02 02:44:45'),(1201,141,991,'2020-09-02 02:44:45','2020-09-02 02:44:45'),(1211,141,1001,'2020-09-02 02:44:45','2020-09-02 02:44:45'),(1221,141,1011,'2020-09-02 02:44:45','2020-09-02 02:44:45'),(1231,141,1021,'2020-09-02 02:44:45','2020-09-02 02:44:45'),(1241,141,851,'2020-09-02 02:44:45','2020-09-02 02:44:45'),(1251,141,841,'2020-09-02 02:44:45','2020-09-02 02:44:45'),(1261,141,831,'2020-09-02 02:44:45','2020-09-02 02:44:45'),(1271,141,971,'2020-09-02 02:44:45','2020-09-02 02:44:45'),(1281,141,961,'2020-09-02 02:44:45','2020-09-02 02:44:45'),(1291,141,951,'2020-09-02 02:44:45','2020-09-02 02:44:45'),(1301,141,931,'2020-09-02 02:44:45','2020-09-02 02:44:45'),(1311,141,941,'2020-09-02 02:44:45','2020-09-02 02:44:45'),(1321,141,861,'2020-09-02 02:44:45','2020-09-02 02:44:45'),(1331,151,801,'2020-09-02 02:50:49','2020-09-02 02:50:49'),(1341,151,971,'2020-09-02 02:50:49','2020-09-02 02:50:49'),(1351,151,981,'2020-09-02 02:50:49','2020-09-02 02:50:49'),(1361,151,821,'2020-09-02 02:50:49','2020-09-02 02:50:49'),(1371,151,991,'2020-09-02 02:50:49','2020-09-02 02:50:49'),(1381,151,1001,'2020-09-02 02:50:49','2020-09-02 02:50:49'),(1391,151,1011,'2020-09-02 02:50:49','2020-09-02 02:50:49'),(1401,151,851,'2020-09-02 02:50:49','2020-09-02 02:50:49'),(1411,151,861,'2020-09-02 02:50:49','2020-09-02 02:50:49'),(1421,161,1601,'2020-09-05 03:54:46','2020-09-05 03:54:46'),(1431,161,1431,'2020-09-05 03:54:46','2020-09-05 03:54:46'),(1441,161,1441,'2020-09-05 03:54:46','2020-09-05 03:54:46'),(1451,161,1461,'2020-09-05 03:54:46','2020-09-05 03:54:46'),(1461,161,1631,'2020-09-05 03:54:46','2020-09-05 03:54:46'),(1471,161,1641,'2020-09-05 03:54:46','2020-09-05 03:54:46'),(1481,161,1651,'2020-09-05 03:54:46','2020-09-05 03:54:46'),(1491,161,1661,'2020-09-05 03:54:46','2020-09-05 03:54:46'),(1501,161,1501,'2020-09-05 03:54:46','2020-09-05 03:54:46'),(1511,161,1621,'2020-09-05 03:54:46','2020-09-05 03:54:46'),(1521,161,1591,'2020-09-05 03:54:46','2020-09-05 03:54:46'),(1531,161,1581,'2020-09-05 03:54:46','2020-09-05 03:54:46'),(1541,171,1421,'2020-09-05 03:56:13','2020-09-05 03:56:13'),(1551,171,1411,'2020-09-05 03:56:13','2020-09-05 03:56:13'),(1561,171,1571,'2020-09-05 03:56:13','2020-09-05 03:56:13'),(1571,171,1581,'2020-09-05 03:56:13','2020-09-05 03:56:13'),(1581,171,1601,'2020-09-05 03:56:13','2020-09-05 03:56:13'),(1591,171,1431,'2020-09-05 03:56:13','2020-09-05 03:56:13'),(1601,171,1591,'2020-09-05 03:56:13','2020-09-05 03:56:13'),(1611,171,1451,'2020-09-05 03:56:13','2020-09-05 03:56:13'),(1621,171,1611,'2020-09-05 03:56:13','2020-09-05 03:56:13'),(1631,171,1441,'2020-09-05 03:56:13','2020-09-05 03:56:13'),(1641,181,2231,'2020-09-05 04:04:57','2020-09-05 04:04:57'),(1651,181,2221,'2020-09-05 04:04:57','2020-09-05 04:04:57'),(1661,181,2061,'2020-09-05 04:04:57','2020-09-05 04:04:57'),(1671,181,2081,'2020-09-05 04:04:57','2020-09-05 04:04:57'),(1681,181,2071,'2020-09-05 04:04:57','2020-09-05 04:04:57'),(1691,181,2251,'2020-09-05 04:04:57','2020-09-05 04:04:57'),(1701,181,2281,'2020-09-05 04:04:57','2020-09-05 04:04:57'),(1711,181,2151,'2020-09-05 04:04:57','2020-09-05 04:04:57'),(1721,191,671,'2020-09-05 04:08:09','2020-09-05 04:08:09'),(1731,191,651,'2020-09-05 04:08:09','2020-09-05 04:08:09'),(1741,191,621,'2020-09-05 04:08:09','2020-09-05 04:08:09'),(1751,191,711,'2020-09-05 04:08:09','2020-09-05 04:08:09'),(1761,201,621,'2020-09-08 03:32:02','2020-09-08 03:32:02'),(1771,201,471,'2020-09-08 03:32:02','2020-09-08 03:32:02'),(1781,201,641,'2020-09-08 03:32:02','2020-09-08 03:32:02'),(1791,201,661,'2020-09-08 03:32:02','2020-09-08 03:32:02'),(1801,201,511,'2020-09-08 03:32:02','2020-09-08 03:32:02'),(1811,211,691,'2020-09-08 03:32:37','2020-09-08 03:32:37'),(1821,211,501,'2020-09-08 03:32:37','2020-09-08 03:32:37'),(1831,211,631,'2020-09-08 03:32:37','2020-09-08 03:32:37'),(1841,221,971,'2020-09-08 05:41:22','2020-09-08 05:41:22'),(1851,221,851,'2020-09-08 05:41:22','2020-09-08 05:41:22'),(1861,221,1021,'2020-09-08 05:41:22','2020-09-08 05:41:22'),(1871,221,1041,'2020-09-08 05:41:22','2020-09-08 05:41:22'),(1881,231,951,'2020-09-08 05:41:55','2020-09-08 05:41:55'),(1891,231,961,'2020-09-08 05:41:55','2020-09-08 05:41:55'),(1901,231,811,'2020-09-08 05:41:55','2020-09-08 05:41:55'),(1911,241,5471,'2020-09-12 04:45:14','2020-09-12 04:45:14'),(1921,241,5351,'2020-09-12 04:45:14','2020-09-12 04:45:14'),(1931,241,5531,'2020-09-12 04:45:14','2020-09-12 04:45:14'),(1941,251,5461,'2020-09-12 04:45:39','2020-09-12 04:45:39'),(1951,251,5491,'2020-09-12 04:45:39','2020-09-12 04:45:39'),(1961,251,5531,'2020-09-12 04:45:39','2020-09-12 04:45:39'),(1971,251,5541,'2020-09-12 04:45:39','2020-09-12 04:45:39'),(1981,261,941,'2020-09-12 04:55:20','2020-09-12 04:55:20'),(1991,261,1001,'2020-09-12 04:55:20','2020-09-12 04:55:20'),(2001,271,1411,'2020-09-15 05:05:02','2020-09-15 05:05:02'),(2011,271,1431,'2020-09-15 05:05:02','2020-09-15 05:05:02'),(2021,271,1441,'2020-09-15 05:05:02','2020-09-15 05:05:02'),(2031,271,1451,'2020-09-15 05:05:02','2020-09-15 05:05:02'),(2041,271,1471,'2020-09-15 05:05:02','2020-09-15 05:05:02'),(2051,271,1481,'2020-09-15 05:05:02','2020-09-15 05:05:02'),(2061,281,1581,'2020-09-15 05:06:01','2020-09-15 05:06:01'),(2071,281,1591,'2020-09-15 05:06:01','2020-09-15 05:06:01'),(2081,281,1601,'2020-09-15 05:06:01','2020-09-15 05:06:01'),(2091,291,1431,'2020-09-15 05:06:55','2020-09-15 05:06:55'),(2101,291,1451,'2020-09-15 05:06:55','2020-09-15 05:06:55'),(2111,291,1471,'2020-09-15 05:06:55','2020-09-15 05:06:55');
/*!40000 ALTER TABLE `actionteeths` ENABLE KEYS */;
UNLOCK TABLES;

--
-- Table structure for table `billings`
--

DROP TABLE IF EXISTS `billings`;
/*!40101 SET @saved_cs_client     = @@character_set_client */;
/*!50503 SET character_set_client = utf8mb4 */;
CREATE TABLE `billings` (
  `id` int(11) NOT NULL AUTO_INCREMENT,
  `billrefNo` varchar(255) DEFAULT NULL,
  `type` int(11) DEFAULT '0',
  `userId` int(11) DEFAULT NULL,
  `customerName` varchar(255) DEFAULT NULL,
  `date` date DEFAULT NULL,
  `totalAmount` float DEFAULT '0',
  `payment` float DEFAULT '0',
  `status` int(11) DEFAULT '0',
  `transactionId` int(11) DEFAULT NULL,
  `createdBy` varchar(255) DEFAULT NULL,
  `modifiedBy` varchar(255) DEFAULT NULL,
  `createdAt` datetime NOT NULL,
  `updatedAt` datetime NOT NULL,
  `prescriptionId` int(11) DEFAULT NULL,
  `branchId` int(11) DEFAULT NULL,
  `discount` float NOT NULL DEFAULT '0',
  `change` float DEFAULT '0',
  `isPharmacy` int(11) DEFAULT '0',
  PRIMARY KEY (`id`)
) ENGINE=InnoDB AUTO_INCREMENT=511 DEFAULT CHARSET=latin1;
/*!40101 SET character_set_client = @saved_cs_client */;

--
-- Dumping data for table `billings`
--

LOCK TABLES `billings` WRITE;
/*!40000 ALTER TABLE `billings` DISABLE KEYS */;
INSERT INTO `billings` VALUES (1,'BC202000000000001',0,101,'killua cute zoldyck','2020-08-01',840,840,0,31,'Staffs tests testings','Staffs tests testings','2020-08-01 07:27:46','2020-08-01 07:27:46',NULL,1,0,160,0),(11,'BC202000000000011',0,91,'Maria Alyssa Mae Tardio Nepomuceno','2020-08-01',1450,1450,0,41,'Staffs tests testings','Staffs tests testings','2020-08-01 07:50:41','2020-08-01 07:50:41',NULL,1,0,550,0),(31,'BC202000000000031',0,151,'testing testing testing','2020-08-02',700,700,0,51,'Super Admin Admin','Super Admin Admin','2020-08-02 15:44:46','2020-08-02 15:44:46',NULL,1,0,0,0),(41,'BC202000000000041',0,101,'killua cute zoldyck','2020-08-03',700,700,0,61,'Super Admin Admin','Super Admin Admin','2020-08-03 11:43:35','2020-08-03 11:43:35',NULL,11,0,300,0),(51,'BC202000000000051',0,101,'killua cute zoldyck','2020-08-05',1450,1450,0,81,'Super Admin Admin','Super Admin Admin','2020-08-05 14:35:43','2020-08-05 14:35:43',NULL,1,0,50,0),(61,'PH202000000000061',0,NULL,NULL,'2020-08-08',50,50,0,NULL,'Super Admin Admin','Super Admin Admin','2020-08-08 16:10:54','2020-08-08 16:10:54',NULL,1,0,0,1),(71,'BH202000000000071',1,151,'testing testing testing','2020-08-09',720,720,0,91,'Super Admin Admin','Super Admin Admin','2020-08-09 03:28:45','2020-08-09 03:28:45',NULL,1,0,0,0),(81,'BH202000000000081',1,151,'testing testing testing','2020-08-09',1550,700,0,101,'Super Admin Admin','Super Admin Admin','2020-08-09 03:33:57','2020-08-09 03:33:57',NULL,1,0,0,0),(91,'BC202000000000091',0,151,'testing testing testing','2020-08-09',850,850,0,101,'Super Admin Admin','Super Admin Admin','2020-08-09 03:34:09','2020-08-09 03:34:09',NULL,1,0,0,0),(101,'PH202000000000101',0,NULL,NULL,'2020-08-09',240,240,0,NULL,'Super Admin Admin','Super Admin Admin','2020-08-09 03:37:06','2020-08-09 03:37:06',NULL,1,10,10,1),(111,'PH202000000000111',0,NULL,NULL,'2020-08-11',10,10,0,NULL,'Super Admin Admin','Super Admin Admin','2020-08-11 04:53:40','2020-08-11 04:53:40',NULL,1,0,0,1),(121,'BC202000000000121',0,151,'testing testing testing','2020-08-15',0,0,0,91,'Admin two Admin','Admin two Admin','2020-08-15 08:53:53','2020-08-15 08:53:53',NULL,1,0,1000,0),(131,'PH202000000000131',0,NULL,NULL,'2020-08-16',100,100,0,NULL,'staff 1 staff','staff 1 staff','2020-08-16 09:54:33','2020-08-16 09:54:33',NULL,1,40,0,1),(141,'PH202000000000141',0,NULL,NULL,'2020-08-16',100,100,0,NULL,'staff 1 staff','staff 1 staff','2020-08-16 09:54:33','2020-08-16 09:54:33',NULL,1,40,0,1),(151,'BC202000000000151',0,101,'killua cute zoldyck','2020-08-16',1400,1400,0,111,'Super Admin Admin','Super Admin Admin','2020-08-16 10:35:12','2020-08-16 10:35:12',NULL,11,0,600,0),(161,'PH202000000000161',0,NULL,'killua cute zoldyck','2020-08-16',150,150,0,NULL,'Super Admin Admin','Super Admin Admin','2020-08-16 11:13:51','2020-08-16 11:13:51',NULL,1,150,0,1),(171,'PH202000000000171',0,231,'test 11 test','2020-08-16',475,475,0,NULL,'Super Admin Admin','Super Admin Admin','2020-08-16 13:07:35','2020-08-16 13:07:35',31,1,25,25,1),(181,'BC202000000000181',0,231,'test 11 test','2020-08-16',1500,1000,0,131,'Super Admin Admin','Super Admin Admin','2020-08-16 13:09:14','2020-08-16 13:09:14',NULL,1,0,0,0),(191,'BH202000000000191',1,101,'killua cute zoldyck','2020-08-17',1550,700,0,141,'Super Admin Admin','Super Admin Admin','2020-08-17 03:04:23','2020-08-17 03:04:23',NULL,1,0,0,0),(201,'BC202000000000201',0,101,'killua cute zoldyck','2020-08-17',850,850,0,141,'Super Admin Admin','Super Admin Admin','2020-08-17 03:04:37','2020-08-17 03:04:37',NULL,1,0,150,0),(211,'BC202000000000211',0,101,'killua cute zoldyck','2020-08-19',560,560,0,151,'Super Admin Admin','Super Admin Admin','2020-08-19 09:10:22','2020-08-19 09:10:22',NULL,1,0,40,0),(221,'PH202000000000221',0,91,'Maria Alyssa Mae Tardio Nepomuceno','2020-08-21',45,45,0,NULL,'Super Admin Admin','Super Admin Admin','2020-08-21 07:36:40','2020-08-21 07:36:41',41,1,15,5,1),(231,'BH202000000000231',1,121,'Gon cool Freecs','2020-08-24',1530,700,0,171,'Super Admin Admin','Super Admin Admin','2020-08-24 03:27:39','2020-08-24 03:27:39',NULL,1,0,0,0),(241,'BC202000000000241',0,121,'Gon cool Freecs','2020-08-24',830,830,0,171,'Super Admin Admin','Super Admin Admin','2020-08-24 03:28:04','2020-08-24 03:28:04',NULL,1,0,0,0),(251,'BH202000000000251',1,251,'test 12 test','2020-08-24',1980,700,0,181,'Admin two Admin','Admin two Admin','2020-08-24 06:48:39','2020-08-24 06:48:39',NULL,1,0,0,0),(261,'BC202000000000261',0,251,'test 12 test','2020-08-24',1280,1280,0,181,'Admin two Admin','Admin two Admin','2020-08-24 06:50:53','2020-08-24 06:50:53',NULL,1,0,20,0),(271,'BH202000000000271',1,201,'Jan T. Dyan','2020-08-30',2560,700,0,191,'Super Admin Admin','Super Admin Admin','2020-08-30 03:15:09','2020-08-30 03:15:09',NULL,1,0,0,0),(281,'BC202000000000281',0,201,'Jan T. Dyan','2020-08-30',1860,1860,0,191,'Super Admin Admin','Super Admin Admin','2020-08-30 03:15:33','2020-08-30 03:15:33',NULL,1,0,0,0),(291,'PH202000000000291',0,NULL,'Rhea Salazar','2020-09-02',170,170,0,NULL,'Super Admin Admin','Super Admin Admin','2020-09-02 02:36:11','2020-09-02 02:36:11',NULL,1,130,30,1),(301,'BC202000000000301',0,101,'killua cute zoldyck','2020-09-02',2115,2000,0,211,'Super Admin Admin','Super Admin Admin','2020-09-02 02:46:17','2020-09-02 02:46:17',NULL,1,0,0,0),(311,'BH202000000000311',1,101,'killua cute zoldyck','2020-09-02',700,700,0,201,'Super Admin Admin','Super Admin Admin','2020-09-02 02:53:22','2020-09-02 02:53:22',NULL,1,0,0,0),(321,'BC202000000000321',0,101,'killua cute zoldyck','2020-09-05',115,115,0,211,'Super Admin Admin','Super Admin Admin','2020-09-05 03:52:20','2020-09-05 03:52:20',NULL,1,0,0,0),(331,'BH202000000000331',1,121,'Gon cool Freecss','2020-09-05',1550,700,0,221,'Super Admin Admin','Super Admin Admin','2020-09-05 03:57:02','2020-09-05 03:57:02',NULL,1,0,0,0),(341,'BC202000000000341',0,121,'Gon cool Freecss','2020-09-05',850,850,0,221,'Super Admin Admin','Super Admin Admin','2020-09-05 03:57:37','2020-09-05 03:57:37',NULL,1,0,0,0),(351,'BH202000000000351',1,201,'Jan T. Dyan','2020-09-05',700,700,0,241,'Super Admin Admin','Super Admin Admin','2020-09-05 04:06:33','2020-09-05 04:06:33',NULL,1,0,0,0),(361,'BC202000000000361',0,91,'Maria Alyssa Mae Tardio Nepomuceno','2020-09-05',630,630,0,231,'Super Admin Admin','Super Admin Admin','2020-09-05 04:08:35','2020-09-05 04:08:35',NULL,1,0,0,0),(371,'BH202000000000371',1,91,'Maria Alyssa Mae Tardio Nepomuceno','2020-09-08',1980,700,0,251,'staff 1 staff','staff 1 staff','2020-09-08 03:36:10','2020-09-08 03:36:10',NULL,1,0,0,0),(381,'BC202000000000381',0,91,'Maria Alyssa Mae Tardio Nepomuceno','2020-09-08',1280,1280,0,251,'staff 1 staff','staff 1 staff','2020-09-08 03:36:30','2020-09-08 03:36:30',NULL,1,0,0,0),(391,'BH202000000000391',1,101,'killua cute zoldyck','2020-09-08',1980,700,0,261,'Super Admin Admin','Super Admin Admin','2020-09-08 05:43:19','2020-09-08 05:43:19',NULL,1,0,0,0),(401,'BC202000000000401',0,101,'killua cute zoldyck','2020-09-08',1280,1280,0,261,'Super Admin Admin','Super Admin Admin','2020-09-08 05:43:51','2020-09-08 05:43:51',NULL,1,0,20,0),(411,'PH202000000000411',0,101,'killua cute zoldyck','2020-09-08',570,570,0,NULL,'Super Admin Admin','Super Admin Admin','2020-09-08 05:59:17','2020-09-08 05:59:17',121,1,30,30,1),(421,'BH202000000000421',1,101,'killua cute zoldyck','2020-09-10',700,700,0,271,'Super Admin Admin','Super Admin Admin','2020-09-10 08:49:20','2020-09-10 08:49:20',NULL,1,0,0,0),(431,'BH202000000000431',1,151,'testing testing testing','2020-09-10',700,700,0,281,'Super Admin Admin','Super Admin Admin','2020-09-10 08:50:25','2020-09-10 08:50:25',NULL,1,0,0,0),(441,'BC202000000000441',0,331,'Vi T. Da','2020-09-12',2350,2000,0,291,'Super Admin Admin','Super Admin Admin','2020-09-12 04:46:07','2020-09-12 04:46:07',NULL,1,0,0,0),(451,'BC202000000000451',0,331,'Vi T. Da','2020-09-12',350,350,0,291,'Super Admin Admin','Super Admin Admin','2020-09-12 04:51:06','2020-09-12 04:51:06',NULL,1,0,150,0),(461,'BH202000000000461',1,101,'killua cute zoldyck','2020-09-12',700,700,0,301,'staff 1 staff','staff 1 staff','2020-09-12 04:55:53','2020-09-12 04:55:53',NULL,1,0,0,0),(471,'BC202000000000471',0,91,'Maria Alyssa Mae Tardio Nepomuceno','2020-09-13',850,500,0,311,'Super Admin Admin','Super Admin Admin','2020-09-13 09:42:35','2020-09-13 09:42:35',NULL,1,0,0,0),(481,'BH202000000000481',1,121,'Gon cool Freecss','2020-09-15',26700,700,0,331,'Super Admin Admin','Super Admin Admin','2020-09-15 05:10:11','2020-09-15 05:10:11',NULL,1,0,0,0),(491,'BC202000000000491',0,121,'Gon cool Freecss','2020-09-15',26000,5000,0,331,'Super Admin Admin','Super Admin Admin','2020-09-15 05:10:53','2020-09-15 05:10:53',NULL,1,0,0,0),(501,'PH202000000000501',0,341,'Edward Fariñas Del Rosario','2020-09-15',90,90,0,NULL,'Super Admin Admin','Super Admin Admin','2020-09-15 05:18:56','2020-09-15 05:18:57',141,1,10,0,1);
/*!40000 ALTER TABLE `billings` ENABLE KEYS */;
UNLOCK TABLES;

--
-- Table structure for table `billitems`
--

DROP TABLE IF EXISTS `billitems`;
/*!40101 SET @saved_cs_client     = @@character_set_client */;
/*!50503 SET character_set_client = utf8mb4 */;
CREATE TABLE `billitems` (
  `id` int(11) NOT NULL AUTO_INCREMENT,
  `billingId` int(11) DEFAULT NULL,
  `item` varchar(255) DEFAULT NULL,
  `description` varchar(255) DEFAULT NULL,
  `medicineId` int(11) DEFAULT NULL,
  `qty` float DEFAULT '0',
  `price` float DEFAULT '0',
  `amount` float DEFAULT '0',
  `createdAt` datetime NOT NULL,
  `updatedAt` datetime NOT NULL,
  PRIMARY KEY (`id`)
) ENGINE=InnoDB AUTO_INCREMENT=151 DEFAULT CHARSET=latin1;
/*!40101 SET character_set_client = @saved_cs_client */;

--
-- Dumping data for table `billitems`
--

LOCK TABLES `billitems` WRITE;
/*!40000 ALTER TABLE `billitems` DISABLE KEYS */;
INSERT INTO `billitems` VALUES (1,61,'Antibiotic','Antibiotic',11,5,10,50,'2020-08-08 16:10:54','2020-08-08 16:10:54'),(11,101,'Antibiotic','Antibiotic',11,25,10,250,'2020-08-09 03:37:06','2020-08-09 03:37:06'),(21,111,'Antibiotic','Antibiotic',11,1,10,10,'2020-08-11 04:53:40','2020-08-11 04:53:40'),(31,131,'Antibiotic','Antibiotic',11,14,10,140,'2020-08-16 09:54:33','2020-08-16 09:54:33'),(41,141,'Antibiotic','Antibiotic',11,14,10,140,'2020-08-16 09:54:33','2020-08-16 09:54:33'),(51,161,'Antibiotic','Antibiotic',11,10,10,100,'2020-08-16 11:13:51','2020-08-16 11:13:51'),(61,161,'penicilin','pain killer',21,4,50,200,'2020-08-16 11:13:51','2020-08-16 11:13:51'),(71,171,'penicilin','pain killer',21,10,50,500,'2020-08-16 13:07:35','2020-08-16 13:07:35'),(81,221,'Antibiotic','Antibiotic',11,1,10,10,'2020-08-21 07:36:41','2020-08-21 07:36:41'),(91,221,'penicilin','pain killer',21,1,50,50,'2020-08-21 07:36:41','2020-08-21 07:36:41'),(101,291,'Antibiotic','Antibiotic',11,5,10,50,'2020-09-02 02:36:11','2020-09-02 02:36:11'),(111,291,'penicilin','pain killer',21,5,50,250,'2020-09-02 02:36:11','2020-09-02 02:36:11'),(121,411,'Antibiotic ( ritemed )','Antibiotic',11,10,10,100,'2020-09-08 05:59:17','2020-09-08 05:59:17'),(131,411,'penicilin ( ahdsjakhsjkhf )','pain killer',21,10,50,500,'2020-09-08 05:59:17','2020-09-08 05:59:17'),(141,501,'Mefenamic ( generika )','pain killer',131,10,10,100,'2020-09-15 05:18:57','2020-09-15 05:18:57');
/*!40000 ALTER TABLE `billitems` ENABLE KEYS */;
UNLOCK TABLES;

--
-- Table structure for table `branches`
--

DROP TABLE IF EXISTS `branches`;
/*!40101 SET @saved_cs_client     = @@character_set_client */;
/*!50503 SET character_set_client = utf8mb4 */;
CREATE TABLE `branches` (
  `id` int(11) NOT NULL AUTO_INCREMENT,
  `branch` varchar(255) DEFAULT NULL,
  `address` varchar(255) DEFAULT NULL,
  `contact` varchar(255) DEFAULT NULL,
  `email` varchar(255) DEFAULT NULL,
  `longitude` float DEFAULT '0',
  `latitude` float DEFAULT '0',
  `createdAt` datetime NOT NULL,
  `updatedAt` datetime NOT NULL,
  `archive` int(11) DEFAULT '0',
  `tin` varchar(255) DEFAULT NULL,
  `vat` int(11) NOT NULL DEFAULT '12',
  PRIMARY KEY (`id`)
) ENGINE=InnoDB AUTO_INCREMENT=31 DEFAULT CHARSET=latin1;
/*!40101 SET character_set_client = @saved_cs_client */;

--
-- Dumping data for table `branches`
--

LOCK TABLES `branches` WRITE;
/*!40000 ALTER TABLE `branches` DISABLE KEYS */;
INSERT INTO `branches` VALUES (1,'Taguig Branch','Taguig City','00000000000','taguig@gmail.com',0,0,'2020-07-29 17:48:13','2020-07-29 17:48:13',0,'000-000-000-000',12),(11,'Parañaque','Parañaque City','021653231023','parañaque@gmail.com',0,0,'2020-07-30 10:07:32','2020-07-30 10:07:32',0,'000-002-054-987',12),(21,'test','test','','testbranch@gmail.com',0,0,'2020-09-19 14:56:18','2020-09-19 15:02:28',1,'',12);
/*!40000 ALTER TABLE `branches` ENABLE KEYS */;
UNLOCK TABLES;

--
-- Table structure for table `dentists`
--

DROP TABLE IF EXISTS `dentists`;
/*!40101 SET @saved_cs_client     = @@character_set_client */;
/*!50503 SET character_set_client = utf8mb4 */;
CREATE TABLE `dentists` (
  `id` int(11) NOT NULL AUTO_INCREMENT,
  `fullname` varchar(255) DEFAULT NULL,
  `email` varchar(255) DEFAULT NULL,
  `bday` date DEFAULT NULL,
  `contact` varchar(255) DEFAULT NULL,
  `address` varchar(255) DEFAULT NULL,
  `img` varchar(255) DEFAULT NULL,
  `createdAt` datetime NOT NULL,
  `updatedAt` datetime NOT NULL,
  `archive` varchar(255) DEFAULT '0',
  `branchId` int(11) DEFAULT NULL,
  `licence` varchar(255) DEFAULT NULL,
  `ptr` varchar(255) DEFAULT NULL,
  `gender` varchar(255) DEFAULT NULL,
  PRIMARY KEY (`id`)
) ENGINE=InnoDB AUTO_INCREMENT=61 DEFAULT CHARSET=latin1;
/*!40101 SET character_set_client = @saved_cs_client */;

--
-- Dumping data for table `dentists`
--

LOCK TABLES `dentists` WRITE;
/*!40000 ALTER TABLE `dentists` DISABLE KEYS */;
INSERT INTO `dentists` VALUES (1,'Dr. Quack','dentist@gmail.com','1990-05-01','165165321','Taguig City',NULL,'2020-07-29 17:58:51','2020-08-01 08:19:01','0',1,'000000','000000','Male'),(11,'Dr. Zeus','zeus@gmail.com','1988-09-05','6563152452','Taguig',NULL,'2020-07-30 11:08:45','2020-09-03 09:24:49','0',1,'1245553','4545','Male'),(21,'Dr. Wonka','wonka@gmail.com','1895-05-02','15616541','Taguig City',NULL,'2020-08-01 08:19:54','2020-08-01 08:19:54','0',11,'02152152','0001','Male'),(31,'Dr. AnzaYap','anzayap@gmail.com','1990-12-24','09208900354','Taguig City',NULL,'2020-08-30 13:17:47','2020-08-30 13:17:47','0',1,'100009751','1234','Female'),(41,'Dr. Yap','yap@gmail.com','1872-10-01','78631264532','Parañaque City',NULL,'2020-09-13 09:50:57','2020-09-13 09:50:57','0',11,'54165316','0002','Male'),(51,'Dr. Bean','doctorbean7@gmail.com','1990-12-24','','Taguig City',NULL,'2020-09-14 12:04:32','2020-09-19 14:44:35','0',1,'100007275','4567','Male');
/*!40000 ALTER TABLE `dentists` ENABLE KEYS */;
UNLOCK TABLES;

--
-- Table structure for table `feedbacks`
--

DROP TABLE IF EXISTS `feedbacks`;
/*!40101 SET @saved_cs_client     = @@character_set_client */;
/*!50503 SET character_set_client = utf8mb4 */;
CREATE TABLE `feedbacks` (
  `id` int(11) NOT NULL AUTO_INCREMENT,
  `userId` int(11) DEFAULT NULL,
  `branchId` int(11) DEFAULT NULL,
  `dentistId` int(11) DEFAULT NULL,
  `star` int(11) DEFAULT '0',
  `message` varchar(255) DEFAULT NULL,
  `archive` int(11) DEFAULT '0',
  `createdAt` datetime NOT NULL,
  `updatedAt` datetime NOT NULL,
  PRIMARY KEY (`id`)
) ENGINE=InnoDB AUTO_INCREMENT=151 DEFAULT CHARSET=latin1;
/*!40101 SET character_set_client = @saved_cs_client */;

--
-- Dumping data for table `feedbacks`
--

LOCK TABLES `feedbacks` WRITE;
/*!40000 ALTER TABLE `feedbacks` DISABLE KEYS */;
INSERT INTO `feedbacks` VALUES (1,71,1,NULL,2,'test',0,'2020-07-30 06:43:58','2020-07-30 06:43:58'),(11,101,1,NULL,5,'Accomodating Staff, Friendly Dentist, will visit again',0,'2020-08-01 07:52:12','2020-08-01 07:52:12'),(21,151,1,NULL,4,'test comment',0,'2020-08-04 16:31:28','2020-08-04 16:31:28'),(51,201,1,NULL,5,'Nice',0,'2020-08-15 13:06:32','2020-08-15 13:06:32'),(81,151,1,NULL,5,'great service',0,'2020-08-17 06:52:45','2020-08-17 06:52:45'),(91,261,1,NULL,5,'Nice',0,'2020-08-24 02:57:04','2020-08-24 02:57:04'),(101,121,1,NULL,5,'Accomodating staff',0,'2020-09-05 04:13:12','2020-09-05 04:13:12'),(111,301,1,NULL,4,'Discount please',0,'2020-09-05 08:59:08','2020-09-05 08:59:08'),(121,311,1,NULL,5,'test comment',0,'2020-09-05 10:48:42','2020-09-05 10:48:42'),(131,311,11,NULL,5,'test comment',0,'2020-09-05 10:49:00','2020-09-05 10:49:00'),(141,91,11,NULL,5,'Nice',0,'2020-09-15 04:11:34','2020-09-15 04:11:34');
/*!40000 ALTER TABLE `feedbacks` ENABLE KEYS */;
UNLOCK TABLES;

--
-- Table structure for table `healthcards`
--

DROP TABLE IF EXISTS `healthcards`;
/*!40101 SET @saved_cs_client     = @@character_set_client */;
/*!50503 SET character_set_client = utf8mb4 */;
CREATE TABLE `healthcards` (
  `id` int(11) NOT NULL AUTO_INCREMENT,
  `healthcardno` varchar(255) NOT NULL,
  `userId` int(11) NOT NULL,
  `type` int(11) DEFAULT '0',
  `loadamount` float DEFAULT '0',
  `archive` int(11) DEFAULT '0',
  `status` int(11) DEFAULT '0',
  `createdAt` datetime NOT NULL,
  `updatedAt` datetime NOT NULL,
  `healthcardname` varchar(255) DEFAULT NULL,
  `accountname` varchar(255) DEFAULT NULL,
  `accountNo` varchar(255) DEFAULT NULL,
  `billingId` int(11) DEFAULT NULL,
  PRIMARY KEY (`id`)
) ENGINE=InnoDB AUTO_INCREMENT=151 DEFAULT CHARSET=latin1;
/*!40101 SET character_set_client = @saved_cs_client */;

--
-- Dumping data for table `healthcards`
--

LOCK TABLES `healthcards` WRITE;
/*!40000 ALTER TABLE `healthcards` DISABLE KEYS */;
INSERT INTO `healthcards` VALUES (1,'0909000',151,0,720,0,0,'2020-08-09 03:28:45','2020-08-09 03:28:45','dsjfsdjfklsdjf','fklsdflfklj','skdflskfklsdflsdk',71),(11,'dgdgdfg',151,0,700,0,0,'2020-08-09 03:33:57','2020-08-09 03:33:57','sfgsdfsdfsd','sdfsfdsfsdf','sdfsdfsdfsdf',81),(21,'98462348',101,0,700,0,0,'2020-08-17 03:04:23','2020-08-17 03:04:23','shdasjhdjh','ajsfhaskjfh','46526542',191),(31,'85623562',121,0,700,0,0,'2020-08-24 03:27:39','2020-08-24 03:27:39','ajsfhsajkh','sfhafak','8465645',231),(41,'7645324653',251,0,700,0,0,'2020-08-24 06:48:39','2020-08-24 06:48:39','sfashfsh','sdjfsklq','43126453',251),(51,'5412465465',201,0,700,0,0,'2020-08-30 03:15:09','2020-08-30 03:15:09','maxicare','rheasfhafh','4510465',271),(61,'7864312643',101,0,700,0,0,'2020-09-02 02:53:22','2020-09-02 02:53:22','Maxicare','Killua Zoldyck','85264512',311),(71,'671264132461',121,0,700,0,0,'2020-09-05 03:57:02','2020-09-05 03:57:02','maxicare','agsvdafv','4326321532',331),(81,'850641364',201,0,700,0,0,'2020-09-05 04:06:33','2020-09-05 04:06:33','maxicare','dyan','865438',351),(91,'6520654312',91,0,700,0,0,'2020-09-08 03:36:10','2020-09-08 03:36:10','Maxicare','Maria Nepomuceno','76435852',371),(101,'45265436',101,0,700,0,0,'2020-09-08 05:43:19','2020-09-08 05:43:19','Maxicare','Killua Zoldyck','87458641',391),(111,'46534653',101,0,700,0,0,'2020-09-10 08:49:20','2020-09-10 08:49:20','Maxicare','Killua Zoldyck','461538465',421),(121,'4518532',151,0,700,0,0,'2020-09-10 08:50:25','2020-09-10 08:50:25','Medicard','test aling test','4685446',431),(131,'67437432',101,0,700,0,0,'2020-09-12 04:55:53','2020-09-12 04:55:53','Maxicare','Killua Zoldyck','6532643',461),(141,'97646446',121,0,700,0,0,'2020-09-15 05:10:11','2020-09-15 05:10:11','Maxicare','Killua','46545',481);
/*!40000 ALTER TABLE `healthcards` ENABLE KEYS */;
UNLOCK TABLES;

--
-- Table structure for table `medicines`
--

DROP TABLE IF EXISTS `medicines`;
/*!40101 SET @saved_cs_client     = @@character_set_client */;
/*!50503 SET character_set_client = utf8mb4 */;
CREATE TABLE `medicines` (
  `id` int(11) NOT NULL AUTO_INCREMENT,
  `archive` int(11) DEFAULT '0',
  `medicine` varchar(255) NOT NULL,
  `description` varchar(255) DEFAULT NULL,
  `price` float DEFAULT '0',
  `manufacturer` varchar(255) DEFAULT NULL,
  `createdAt` datetime NOT NULL,
  `updatedAt` datetime NOT NULL,
  `stocks` float DEFAULT '0',
  `code` varchar(255) DEFAULT NULL,
  `branchId` int(11) DEFAULT NULL,
  `type` int(11) DEFAULT '0',
  `uom` varchar(255) DEFAULT NULL,
  `limitMin` float DEFAULT '0',
  `scientificName` text,
  `brand` varchar(255) DEFAULT NULL,
  PRIMARY KEY (`id`)
) ENGINE=InnoDB AUTO_INCREMENT=191 DEFAULT CHARSET=latin1;
/*!40101 SET character_set_client = @saved_cs_client */;

--
-- Dumping data for table `medicines`
--

LOCK TABLES `medicines` WRITE;
/*!40000 ALTER TABLE `medicines` DISABLE KEYS */;
INSERT INTO `medicines` VALUES (1,1,'Pasta','tooth repair',0,'','2020-07-30 11:37:04','2020-09-19 16:01:48',30,'PST',1,0,'g',10,'pas-tuh','generic'),(2,0,'Jacket','For Dentures, Tooth holder',0,'','2020-07-30 11:37:53','2020-09-15 05:14:11',10,'JKT',1,0,'pcs',10,'juh-ket','watson'),(11,0,'Antibiotic','Antibiotic',10,'watson','2020-08-08 16:10:19','2020-09-14 04:30:33',30,'ANT',1,1,'pcs',20,'anti-bio-tic','ritemed'),(21,0,'Penicilin','wound cleanser',50,'Rhea Generics','2020-08-16 10:08:07','2020-09-14 04:30:13',40,'PNC',1,1,'mg',20,'penny-sea-lene','ritemed'),(31,0,'Anesthesia','pain killer',0,'duskhgdsk','2020-08-17 03:49:26','2020-09-13 09:57:47',25,'ANS',11,0,'ml',20,'uh-nes-tea-cia','generika'),(41,0,'Mefenamic','pain killer',10,'watson','2020-08-17 03:51:24','2020-09-14 04:24:54',30,'MFN',11,1,'mg',20,'mep-he-na-mik','ritemed'),(51,0,'Anesthesia','pain reliever',0,'watson','2020-09-02 02:40:00','2020-09-15 05:06:55',20,'ANS',1,0,'ml',20,'uh-nes-tea-cia','frageel'),(61,1,'Pasta','tooth repair',0,'qwertyu','2020-09-13 09:52:35','2020-09-13 09:52:54',0,'PST',11,0,'g',1000,'pas-tuh','ritemed'),(71,1,'Pasta','tooth repair',0,'qwertyu','2020-09-13 09:52:35','2020-09-13 09:53:02',0,'PST',11,0,'g',1000,'pas-tuh','ritemed'),(81,0,'Pasta','tooth repair',0,'qwertyu','2020-09-13 09:52:35','2020-09-13 09:53:45',1500,'PST',11,0,'g',1000,'pas-tuh','ritemed'),(91,1,'Treat Oral and Dental Conditions','Benzocaine topical',0,'','2020-09-13 10:13:51','2020-09-13 10:14:13',0,'12345',1,0,'1',0,'','Orajel'),(101,0,'Treat Oral and Dental Conditions','Dermoplast',0,'','2020-09-13 10:15:28','2020-09-17 10:40:05',32,'DMP',1,0,'',0,'','Orajel'),(111,0,'Treat Prevention of Dental Caries',' Fluoride systemic',0,'','2020-09-13 10:18:14','2020-09-13 10:18:14',0,'FS',11,0,'1',2,'','Fluoritab'),(121,1,'Mefenamic','pain killer',10,'qwertyu','2020-09-14 04:17:31','2020-09-14 04:17:40',0,'MFN',1,1,'mg',30,'me-phe-nuh-mik','generika'),(131,0,'Mefenamic','pain killer',10,'qwertyu','2020-09-14 04:17:31','2020-09-15 05:18:57',31,'MFN',1,1,'mg',30,'mep-he-na-mik','generika'),(141,1,'Mefenamic','pain killer',20,'asddsfgdh','2020-09-14 04:22:14','2020-09-19 16:01:11',0,'MFN',1,1,'mg',30,'mep-he-na-mik','ritemed'),(151,0,'Mefenamic','pain killer',20,'asddsfgdh','2020-09-14 04:22:15','2020-09-14 04:23:04',10,'MFN',1,1,'mg',30,'mep-he-na-mik','ritemed'),(161,0,'Mefenamic','pain killer',15,'poiuytrert','2020-09-14 04:24:30','2020-09-14 04:25:59',10,'MFN',11,1,'mg',30,'mep-he-na-mik','mercury drug'),(171,0,'Penicilin','wound cleanser',24,'hjklhjgkl','2020-09-14 04:31:22','2020-09-14 04:31:22',0,'PNC',1,1,'mg',30,'penny-sea-lene','rhea generic'),(181,0,'Braces','for brace',0,'dfhdlk','2020-09-15 04:29:41','2020-09-17 10:40:15',0,'37478sd',1,0,'',52,'bra-ces','watson');
/*!40000 ALTER TABLE `medicines` ENABLE KEYS */;
UNLOCK TABLES;

--
-- Table structure for table `notifications`
--

DROP TABLE IF EXISTS `notifications`;
/*!40101 SET @saved_cs_client     = @@character_set_client */;
/*!50503 SET character_set_client = utf8mb4 */;
CREATE TABLE `notifications` (
  `id` int(11) NOT NULL AUTO_INCREMENT,
  `userId` int(11) DEFAULT NULL,
  `isread` int(11) DEFAULT '0',
  `isadmin` int(11) DEFAULT '0',
  `transactionId` int(11) DEFAULT NULL,
  `reservationId` int(11) DEFAULT NULL,
  `message` text,
  `createdAt` datetime NOT NULL,
  `updatedAt` datetime NOT NULL,
  `targetLink` varchar(255) DEFAULT NULL,
  `isAnnounce` int(11) DEFAULT '0',
  `branchId` int(11) DEFAULT NULL,
  PRIMARY KEY (`id`)
) ENGINE=InnoDB AUTO_INCREMENT=1881 DEFAULT CHARSET=latin1;
/*!40101 SET character_set_client = @saved_cs_client */;

--
-- Dumping data for table `notifications`
--

LOCK TABLES `notifications` WRITE;
/*!40000 ALTER TABLE `notifications` DISABLE KEYS */;
INSERT INTO `notifications` VALUES (1,NULL,1,1,NULL,1,'Reservation No: R202000000000001 is requesting for approval','2020-07-29 18:11:10','2020-07-29 18:11:21','reservation',0,1),(2,58,0,0,NULL,1,'Reservation No: R202000000000001 request has been approved . ','2020-07-29 19:00:22','2020-07-29 19:00:22','approved',0,1),(3,58,0,0,0,1,'Reservation No: R202000000000001 Schedule Date has been Changed','2020-07-29 19:10:34','2020-07-29 19:10:34','resched',0,1),(4,58,0,0,NULL,1,'Reservation No: R202000000000001 \n            Schedule Time has been changed from 12:01 pm - 1:00 pm\n            to 10:01 am - 11:00 am','2020-07-29 19:11:17','2020-07-29 19:11:17','message',1,1),(5,NULL,1,1,NULL,2,'Reservation No: R202000000000002 is requesting for approval','2020-07-29 21:13:14','2020-07-29 21:14:20','reservation',0,1),(6,NULL,1,1,NULL,3,'Reservation No: R202000000000003 is requesting for approval','2020-07-29 21:19:25','2020-07-29 21:36:26','reservation',0,1),(7,NULL,1,1,NULL,4,'Reservation No: R202000000000004 is requesting for approval','2020-07-29 21:20:26','2020-07-29 21:26:49','reservation',0,1),(8,62,1,0,NULL,4,'Reservation No: R202000000000004 request has been approved . ','2020-07-29 21:36:03','2020-07-29 21:46:09','approved',0,1),(9,62,1,0,NULL,4,'Reservation No: R202000000000004 request has been denied . ','2020-07-29 21:37:21','2020-07-29 21:46:09','denied',0,1),(10,62,1,0,NULL,4,'Reservation No: R202000000000004 request has been approved . ','2020-07-29 21:38:49','2020-07-29 21:46:09','approved',0,1),(11,62,1,0,0,4,'Reservation No: R202000000000004 Schedule Date has been Changed','2020-07-29 21:40:27','2020-07-29 21:46:09','resched',0,1),(12,62,1,0,NULL,4,'Reservation No: R202000000000004 test','2020-07-29 21:46:45','2020-07-29 21:46:49','message',1,NULL),(13,62,1,0,NULL,4,'Reservation No: R202000000000004 \n            Schedule Time has been changed from 2:00 pm - 3:00 pm\n            to 10:00 am - 11:00 am','2020-07-29 21:47:57','2020-07-30 07:28:17','message',1,1),(14,62,1,0,NULL,5,'Reservation No: R202000000000005 \n            Schedule Time has been changed from 1:00 pm - 2:00 pm\n            to 11:00 am - 12:00 pm','2020-07-30 07:11:53','2020-07-30 07:28:19','message',1,1),(15,NULL,1,1,NULL,6,'Reservation No: R202000000000006 is requesting for approval','2020-07-30 07:26:47','2020-07-30 12:08:01','reservation',0,1),(16,62,1,0,NULL,6,'Reservation No: R202000000000006 request has been approved . ','2020-07-30 07:28:33','2020-07-30 12:10:22','approved',0,1),(17,NULL,1,1,NULL,7,'Reservation No: R202000000000007 is requesting for approval','2020-07-30 07:28:50','2020-07-30 12:08:04','reservation',0,1),(18,NULL,1,1,NULL,8,'Reservation No: R202000000000008 is requesting for approval','2020-07-30 07:38:17','2020-07-30 12:08:07','reservation',0,1),(19,62,1,0,NULL,8,'Reservation No: R202000000000008 request has been approved . ','2020-07-30 07:42:31','2020-07-30 12:36:44','approved',0,1),(20,62,1,0,NULL,8,'Reservation No: R202000000000008 request has been denied . test','2020-07-30 07:48:05','2020-07-30 12:36:44','denied',0,1),(21,62,1,0,NULL,8,'Reservation No: R202000000000008 request has been approved . ','2020-07-30 07:49:04','2020-07-30 12:36:44','approved',0,1),(22,62,1,0,NULL,8,'Reservation No: R202000000000008 request has been denied . test','2020-07-30 07:49:15','2020-07-30 12:36:44','denied',0,1),(23,62,1,0,NULL,8,'Reservation No: R202000000000008 request has been approved . ','2020-07-30 07:49:41','2020-07-30 12:36:44','approved',0,1),(31,62,0,0,NULL,8,'Reservation No: R202000000000008 \n            Schedule Time has been changed from 10:00 am - 12:00 pm\n            to 10:40 am - 12:40 pm','2020-07-30 05:47:52','2020-07-30 05:47:52','message',1,1),(41,NULL,1,1,NULL,11,'Reservation No: R202000000000011 is requesting for approval','2020-07-30 05:56:32','2020-07-30 05:56:43','reservation',0,1),(51,71,1,0,NULL,11,'Reservation No: R202000000000011 request has been approved . ','2020-07-30 05:58:43','2020-07-30 08:28:36','approved',0,1),(61,71,1,0,NULL,11,'Reservation No: R202000000000011 gg','2020-07-30 05:59:44','2020-07-30 08:28:36','message',1,NULL),(71,71,1,0,NULL,11,'Reservation No: R202000000000011 \n            Schedule Time has been changed from 1:00 pm - 2:00 pm\n            to 12:40 pm - 1:40 pm','2020-07-30 06:29:09','2020-07-30 08:28:36','message',1,1),(81,NULL,1,1,NULL,21,'Reservation No: R202000000000021 is requesting for approval','2020-07-30 09:08:19','2020-07-30 09:12:27','reservation',0,1),(91,NULL,1,1,NULL,31,'Reservation No: R202000000000031 is requesting for approval','2020-07-30 09:08:57','2020-07-30 09:57:37','reservation',0,1),(101,91,1,0,NULL,21,'Reservation No: R202000000000021 request has been approved . ','2020-07-30 09:18:35','2020-07-30 09:49:02','approved',0,1),(111,101,1,0,NULL,31,'Reservation No: R202000000000031 request has been denied . We\'re fullybooked','2020-07-30 10:08:07','2020-07-30 10:11:02','denied',0,1),(121,NULL,1,1,NULL,41,'Reservation No: R202000000000041 is requesting for approval','2020-07-30 11:10:50','2020-07-30 11:11:01','reservation',0,1),(131,101,1,0,NULL,41,'Reservation No: R202000000000041 request has been approved . ','2020-07-30 11:11:26','2020-07-30 11:15:07','approved',0,1),(141,NULL,1,1,NULL,51,'Reservation No: R202000000000051 is requesting for approval','2020-08-01 07:32:32','2020-08-01 07:32:44','reservation',0,1),(151,101,1,0,NULL,51,'Reservation No: R202000000000051 request has been approved . ','2020-08-01 07:33:55','2020-08-16 12:40:50','approved',0,1),(161,101,1,0,NULL,51,'Reservation No: R202000000000051 request has been denied . Unexpected events ','2020-08-01 07:34:24','2020-08-16 12:40:50','denied',0,1),(171,101,1,0,0,51,'Reservation No: R202000000000051 Schedule Date has been Changed','2020-08-01 07:35:17','2020-08-16 12:40:50','resched',0,1),(181,91,0,0,41,61,'Reservation No: R202000000000061 request has been approved','2020-08-01 07:43:53','2020-08-01 07:43:53','approved',0,1),(191,NULL,1,1,NULL,71,'Reservation No: R202000000000071 is requesting for approval','2020-08-01 10:31:23','2020-08-02 00:48:21','reservation',0,1),(201,NULL,1,1,NULL,81,'Reservation No: R202000000000081 is requesting for approval','2020-08-01 16:58:41','2020-08-01 16:58:52','reservation',0,11),(211,NULL,1,1,NULL,91,'Reservation No: R202000000000091 is requesting for approval','2020-08-02 00:55:14','2020-08-02 00:55:19','reservation',0,1),(221,151,1,0,NULL,91,'Reservation No: R202000000000091 request has been approved . ','2020-08-02 00:55:31','2020-08-04 04:06:52','approved',0,1),(231,NULL,1,1,NULL,101,'Reservation No: R202000000000101 is requesting for approval','2020-08-02 00:55:52','2020-08-02 15:42:51','reservation',0,11),(241,151,1,0,NULL,101,'Reservation No: R202000000000101 request has been approved . ','2020-08-02 00:56:08','2020-09-05 10:39:25','approved',0,11),(251,NULL,1,1,NULL,111,'Reservation No: R202000000000111 is requesting for approval','2020-08-03 11:34:41','2020-08-03 11:38:00','reservation',0,11),(261,101,1,0,NULL,111,'Reservation No: R202000000000111 request has been approved . Please be at the clinic 15 mins before the appointment','2020-08-03 11:39:04','2020-08-12 05:31:19','approved',0,11),(271,101,1,0,NULL,111,'Reservation No: R202000000000111 Kindly advise us 15 mins if you\'re going to be late, Thank you','2020-08-03 11:40:34','2020-08-12 05:31:19','message',1,NULL),(281,NULL,1,1,NULL,121,'Reservation No: R202000000000121 is requesting for approval','2020-08-03 13:58:36','2020-08-03 13:58:46','reservation',0,1),(291,151,1,0,NULL,121,'Reservation No: R202000000000121 request has been approved . ','2020-08-03 14:01:13','2020-08-04 13:36:36','approved',0,1),(301,NULL,1,1,NULL,131,'Reservation No: R202000000000131 is requesting for approval','2020-08-05 14:21:48','2020-08-05 14:21:56','reservation',0,1),(311,101,1,0,NULL,131,'Reservation No: R202000000000131 request has been approved . Kindly visit the clinic 15 mins before the set appointment, if you\'re late more than 15 mins your appointment will automatically forfeited. Thank You','2020-08-05 14:23:21','2020-08-05 14:40:09','approved',0,1),(321,91,1,0,NULL,61,'Reservation No: R202000000000061 Hi, you have an appointment this coming August 13, See you and don\'t be late','2020-08-05 14:27:21','2020-08-24 02:29:16','message',1,NULL),(331,91,1,0,NULL,61,'Reservation No: R202000000000061 Hi, you have an appointment this coming August 13, See you and don\'t be late','2020-08-05 14:27:21','2020-08-24 02:29:20','message',1,NULL),(341,101,1,0,NULL,131,'Reservation No: R202000000000131 Hi Killua, kindly come to the clinic as early. Thank you','2020-08-05 14:29:14','2020-08-05 14:40:09','message',1,NULL),(351,101,1,0,NULL,131,'Reservation No: R202000000000131 Hi Killua, kindly come to the clinic as early. Thank you','2020-08-05 14:29:14','2020-08-05 14:40:09','message',1,NULL),(361,101,1,0,81,141,'Reservation No: R202000000000141 request has been approved','2020-08-05 14:32:06','2020-08-16 12:41:02','approved',0,1),(371,NULL,1,1,NULL,151,'Reservation No: R202000000000151 is requesting for approval','2020-08-09 03:22:19','2020-08-09 03:22:28','reservation',0,1),(381,151,1,0,NULL,151,'Reservation No: R202000000000151 request has been approved . ','2020-08-09 03:22:37','2020-08-13 05:27:10','approved',0,1),(391,151,1,0,0,151,'Reservation No: R202000000000151 Schedule Date has been Changed','2020-08-09 03:25:05','2020-08-13 05:27:10','resched',0,1),(401,NULL,1,1,NULL,161,'Reservation No: R202000000000161 is requesting for approval','2020-08-09 03:32:29','2020-08-09 03:32:40','reservation',0,1),(411,151,1,0,NULL,161,'Reservation No: R202000000000161 request has been approved . ','2020-08-09 03:32:54','2020-08-13 05:27:05','approved',0,1),(421,NULL,1,1,NULL,171,'Reservation No: R202000000000171 is requesting for approval','2020-08-09 03:45:32','2020-08-09 03:45:42','reservation',0,1),(431,151,1,0,NULL,171,'Reservation No: R202000000000171 request has been approved . ','2020-08-09 04:20:56','2020-08-26 06:34:03','approved',0,1),(441,NULL,1,1,NULL,181,'Reservation No: R202000000000181 is requesting for approval','2020-08-15 13:15:51','2020-08-15 13:27:11','reservation',0,1),(451,201,1,0,NULL,181,'Reservation No: R202000000000181 request has been approved . ','2020-08-15 13:17:22','2020-08-24 02:09:16','approved',0,1),(461,NULL,1,1,NULL,191,'Reservation No: R202000000000191 is requesting for approval','2020-08-16 10:25:20','2020-08-16 10:28:19','reservation',0,11),(471,101,1,0,NULL,191,'Reservation No: R202000000000191 request has been approved . sjfhdjksngdkj','2020-08-16 10:26:35','2020-08-16 10:44:26','approved',0,11),(481,101,1,0,NULL,191,'Reservation No: R202000000000191 \n            Schedule Time has been changed from 11:00 am - 12:00 pm\n            to 10:40 am - 11:40 am','2020-08-16 10:26:52','2020-08-16 10:44:26','message',1,11),(491,101,1,0,NULL,191,'Reservation No: R202000000000191 Dentist will be late due to emergency','2020-08-16 10:29:14','2020-08-16 10:44:26','message',1,NULL),(501,151,1,0,NULL,171,'Reservation No: R202000000000171 request has been denied . fully booked','2020-08-16 11:07:03','2020-08-26 06:34:03','cancelled',0,1),(511,NULL,1,1,NULL,201,'Reservation No: R202000000000201 is requesting for approval','2020-08-16 12:10:58','2020-08-16 12:11:15','reservation',0,1),(521,231,1,0,0,201,'Reservation No: R202000000000201 Schedule Date has been Changed','2020-08-16 12:16:11','2020-08-16 12:36:42','resched',0,1),(531,151,1,0,NULL,101,'Reservation No: R202000000000101 request has been denied . ','2020-08-16 12:23:29','2020-09-05 10:39:25','cancelled',0,11),(541,231,1,0,NULL,201,'Reservation No: R202000000000201 request has been approved . reschedule due to emergency','2020-08-16 12:31:08','2020-08-16 12:36:42','approved',0,1),(551,231,1,0,NULL,201,'Reservation No: R202000000000201 this is a one time reschedule of appointment, kindly visit the clinic 15 mins before your appointment or else your appointment will be forfeited','2020-08-16 12:34:44','2020-08-16 12:36:42','message',1,NULL),(561,NULL,1,1,NULL,211,'Reservation No: R202000000000211 is requesting for approval','2020-08-16 12:41:51','2020-08-16 12:42:08','reservation',0,1),(571,231,1,0,NULL,211,'Reservation No: R202000000000211 request has been denied . Unfortunate events occured','2020-08-16 12:43:01','2020-08-16 12:49:20','denied',0,1),(581,201,1,0,NULL,181,'Reservation No: R202000000000181 request has been denied . asnkfsajfbasjk','2020-08-16 12:44:46','2020-08-24 02:09:16','cancelled',0,1),(591,NULL,1,1,NULL,221,'Reservation No: R202000000000221 is requesting for approval','2020-08-16 12:45:25','2020-08-16 12:45:39','reservation',0,1),(601,231,1,0,NULL,221,'Reservation No: R202000000000221 request has been denied . jsabkjsfak','2020-08-16 12:47:26','2020-08-16 12:59:09','denied',0,1),(611,231,1,0,NULL,221,'Reservation No: R202000000000221 request has been approved . ','2020-08-16 12:48:06','2020-08-16 12:59:09','approved',0,1),(621,NULL,1,1,NULL,231,'Reservation No: R202000000000231 is requesting for approval','2020-08-16 12:49:47','2020-08-16 15:57:20','reservation',0,1),(631,231,1,0,NULL,231,'Reservation No: R202000000000231 request has been denied . vhjgjhg','2020-08-16 12:50:50','2020-08-16 12:55:28','denied',0,1),(641,231,1,0,NULL,231,'Reservation No: R202000000000231 request has been approved . ','2020-08-16 12:53:26','2020-08-16 12:55:28','approved',0,1),(651,231,1,0,NULL,231,'Reservation No: R202000000000231 request has been denied . ','2020-08-16 12:54:34','2020-08-16 12:55:28','denied',0,1),(661,231,1,0,NULL,231,'Reservation No: R202000000000231 request has been denied . ','2020-08-16 12:54:34','2020-08-16 12:55:28','denied',0,1),(671,231,1,0,NULL,221,'Reservation No: R202000000000221 \n            Schedule Time has been changed from 10:00 am - 11:00 am\n            to 10:00 am - 11:40 am','2020-08-16 12:58:05','2020-08-16 12:59:09','message',1,1),(681,151,1,0,101,261,'Reservation No: R202000000000261 request has been approved','2020-08-17 03:40:37','2020-09-05 10:38:58','approved',0,1),(691,151,1,0,101,271,'Reservation No: R202000000000271 request has been approved','2020-08-17 03:41:02','2020-09-05 10:38:53','approved',0,1),(701,59,0,0,NULL,241,'Reservation No: R202000000000241 \n            Schedule Time has been changed from 10:00 am - 11:00 am\n            to 10:50 am - 11:50 am','2020-08-17 03:47:21','2020-08-17 03:47:21','message',1,1),(711,151,1,0,101,281,'Reservation No: R202000000000281 request has been approved','2020-08-17 03:49:34','2020-08-20 12:48:25','approved',0,1),(721,121,1,0,NULL,291,'Reservation No: R202000000000291 \n            Schedule Time has been changed from 10:00 am - 10:30 am\n            to 10:00 am - 10:50 am','2020-08-17 04:03:06','2020-09-03 09:04:28','message',1,1),(731,59,0,0,NULL,241,'Reservation No: R202000000000241 dentist had an emergency','2020-08-17 04:03:51','2020-08-17 04:03:51','message',1,NULL),(741,121,1,0,NULL,291,'Reservation No: R202000000000291 Schedule Date has been Changed','2020-08-17 04:06:53','2020-09-03 09:04:28','resched',0,1),(751,101,1,0,151,301,'Reservation No: R202000000000301 request has been approved','2020-08-19 09:09:30','2020-08-19 09:14:16','approved',0,1),(761,231,1,0,121,311,'Reservation No: R202000000000311 request has been approved','2020-08-19 09:32:54','2020-08-19 09:42:03','approved',0,1),(771,NULL,1,1,NULL,321,'Reservation No: R202000000000321 is requesting for approval','2020-08-19 09:43:09','2020-08-19 09:43:19','reservation',0,1),(781,231,1,0,121,321,'Reservation No: R202000000000321 Schedule Date has been Changed','2020-08-19 09:43:55','2020-08-24 01:52:24','resched',0,1),(791,231,1,0,NULL,321,'Reservation No: R202000000000321 request has been approved . for follow up','2020-08-19 09:44:50','2020-08-24 01:52:24','approved',0,1),(801,231,1,0,121,321,'Reservation No: R202000000000321 Schedule Date has been Changed','2020-08-24 01:52:09','2020-08-24 01:52:24','resched',0,1),(811,NULL,1,1,NULL,341,'Reservation No: R202000000000341 is requesting for approval','2020-08-24 02:27:29','2020-08-24 02:48:21','reservation',0,1),(821,NULL,1,1,NULL,351,'Reservation No: R202000000000351 is requesting for approval','2020-08-24 02:30:42','2020-08-24 02:48:30','reservation',0,11),(831,59,0,0,NULL,241,'Reservation No: R202000000000241 request has been denied . sorry, fully booked','2020-08-24 02:46:13','2020-08-24 02:46:13','cancelled',0,1),(841,59,0,0,NULL,241,'Reservation No: R202000000000241 request has been denied . ','2020-08-24 02:46:52','2020-08-24 02:46:52','cancelled',0,1),(851,261,0,0,NULL,361,'Reservation No: R202000000000361 \n            Schedule Time has been changed from 12:00 pm - 1:00 pm\n            to 11:40 am - 12:40 pm','2020-08-24 03:19:06','2020-08-24 03:19:06','message',1,11),(861,121,1,0,171,371,'Reservation No: R202000000000371 request has been approved','2020-08-24 03:29:01','2020-09-03 09:04:04','approved',0,1),(871,91,0,0,NULL,341,'Reservation No: R202000000000341 request has been approved . patient skfjakjfsnf','2020-08-24 06:44:29','2020-08-24 06:44:29','approved',0,1),(881,261,0,0,NULL,361,'Reservation No: R202000000000361 request has been denied . ','2020-08-27 12:27:26','2020-08-27 12:27:26','cancelled',0,11),(891,231,0,0,NULL,321,'Reservation No: R202000000000321 request has been denied . ','2020-08-27 12:28:02','2020-08-27 12:28:02','cancelled',0,1),(901,121,1,0,NULL,371,'Reservation No: R202000000000371 request has been denied . ','2020-08-27 12:28:16','2020-09-03 09:04:04','cancelled',0,1),(911,91,0,0,NULL,391,'Reservation No: R202000000000391 \n            Schedule Time has been changed from 12:00 pm - 1:00 pm\n            to 11:30 am - 12:30 pm','2020-08-30 02:57:52','2020-08-30 02:57:52','message',1,1),(921,NULL,1,1,NULL,401,'Reservation No: R202000000000401 is requesting for approval','2020-08-30 03:02:27','2020-08-30 03:02:51','reservation',0,1),(931,101,1,0,NULL,401,'Reservation No: R202000000000401 request has been approved . sfddgsg','2020-08-30 03:04:29','2020-08-30 03:06:00','approved',0,1),(941,91,0,0,0,341,'Reservation No: R202000000000341 Schedule Date has been Changed','2020-08-30 03:08:22','2020-08-30 03:08:22','resched',0,1),(951,91,0,0,NULL,391,'Reservation No: R202000000000391 request has been denied . Due to emergency','2020-08-30 03:09:23','2020-08-30 03:09:23','cancelled',0,1),(961,NULL,1,1,NULL,411,'Reservation No: R202000000000411 is requesting for approval','2020-08-30 03:26:55','2020-08-30 03:27:05','reservation',0,11),(971,101,1,0,NULL,411,'Reservation No: R202000000000411 request has been denied . ','2020-08-30 03:27:11','2020-08-30 03:27:24','denied',0,11),(981,91,0,0,NULL,341,'Reservation No: R202000000000341 patient\'s request','2020-09-03 01:11:09','2020-09-03 01:11:09','message',1,NULL),(991,91,0,0,0,341,'Reservation No: R202000000000341 Schedule Date has been Changed','2020-09-03 01:12:15','2020-09-03 01:12:15','resched',0,1),(1001,91,0,0,NULL,351,'Reservation No: R202000000000351 request has been denied . Sorry, unfortunate events occured','2020-09-03 01:21:47','2020-09-03 01:21:47','denied',0,11),(1011,NULL,1,1,NULL,431,'Reservation No: R202000000000431 is requesting for approval','2020-09-03 02:21:01','2020-09-03 04:48:59','reservation',0,11),(1021,151,1,0,NULL,431,'Reservation No: R202000000000431 request has been approved . ','2020-09-03 02:54:06','2020-09-20 05:49:53','approved',0,11),(1031,121,1,0,NULL,421,'Reservation No: R202000000000421 Schedule Date has been Changed','2020-09-03 09:01:25','2020-09-03 09:04:13','resched',0,11),(1041,241,0,0,NULL,441,'Reservation No: R202000000000441 request has been denied . clinic hours is over','2020-09-03 09:43:23','2020-09-03 09:43:23','cancelled',0,1),(1051,241,0,0,NULL,441,'Reservation No: R202000000000441 sorry, try again tomorrow','2020-09-03 09:43:41','2020-09-03 09:43:41','message',1,NULL),(1061,91,0,0,NULL,451,'Reservation No: R202000000000451 Schedule Date has been Changed','2020-09-04 10:57:33','2020-09-04 10:57:33','resched',0,1),(1071,91,0,0,NULL,451,'Reservation No: R202000000000451 Schedule Date has been Changed','2020-09-04 10:57:49','2020-09-04 10:57:49','resched',0,1),(1081,91,0,0,NULL,451,'Reservation No: R202000000000451 Schedule Date has been Changed','2020-09-04 10:59:22','2020-09-04 10:59:22','resched',0,1),(1091,91,0,0,NULL,451,'Reservation No: R202000000000451 Schedule Date has been Changed','2020-09-04 10:59:40','2020-09-04 10:59:40','resched',0,1),(1101,101,1,0,NULL,461,'Reservation No: R202000000000461 Good day! You have a dental visit for this day, please be at the clinic 30 mins before the said appointment','2020-09-05 03:37:31','2020-09-05 03:37:36','message',1,NULL),(1111,121,1,0,NULL,471,'Reservation No: R202000000000471 \n            Schedule Time has been changed from 2:30 pm - 3:00 pm\n            to 2:00 pm - 2:30 pm','2020-09-05 03:41:00','2020-09-05 03:41:45','message',1,1),(1121,201,0,0,NULL,481,'Reservation No: R202000000000481 \n            Schedule Time has been changed from 1:30 pm - 2:30 pm\n            to 1:10 pm - 2:10 pm','2020-09-05 03:44:00','2020-09-05 03:44:00','message',1,1),(1131,101,1,0,NULL,461,'Reservation No: R202000000000461 \n            Schedule Time has been changed from 1:30 pm - 2:00 pm\n            to 1:10 pm - 1:40 pm','2020-09-05 03:44:00','2020-09-05 03:47:41','message',1,1),(1141,121,1,0,NULL,471,'Reservation No: R202000000000471 \n            Schedule Time has been changed from 2:00 pm - 2:30 pm\n            to 1:40 pm - 2:10 pm','2020-09-05 03:45:01','2020-09-05 03:45:11','message',1,1),(1151,91,0,0,NULL,491,'Reservation No: R202000000000491 \n            Schedule Time has been changed from 1:15 pm - 2:00 pm\n            to 12:55 pm - 1:40 pm','2020-09-05 03:45:28','2020-09-05 03:45:28','message',1,1),(1161,241,0,0,NULL,501,'Reservation No: R202000000000501 \n            Schedule Time has been changed from 2:00 pm - 2:40 pm\n            to 1:40 pm - 2:20 pm','2020-09-05 03:59:07','2020-09-05 03:59:07','message',1,1),(1171,241,0,0,NULL,501,'Reservation No: R202000000000501 request has been denied . patient didn\'t show up','2020-09-05 04:00:10','2020-09-05 04:00:10','cancelled',0,1),(1181,231,1,0,NULL,511,'Reservation No: R202000000000511 \n            Schedule Time has been changed from 1:45 pm - 2:40 pm\n            to 1:35 pm - 2:30 pm','2020-09-05 04:01:55','2020-09-15 01:20:57','message',1,1),(1191,NULL,1,1,NULL,521,'Reservation No: R202000000000521 is requesting for approval','2020-09-05 08:58:36','2020-09-05 10:55:20','reservation',0,1),(1201,91,0,0,NULL,341,'Reservation No: R202000000000341 \n            Schedule Time has been changed from 11:00 am - 12:00 pm\n            to 10:00 am - 11:00 am','2020-09-05 10:56:33','2020-09-05 10:56:33','message',1,1),(1211,91,0,0,NULL,341,'Reservation No: R202000000000341 \n            Schedule Time has been changed from 10:00 am - 11:00 am\n            to 3:00 pm - 4:00 pm','2020-09-05 10:57:00','2020-09-05 10:57:00','message',1,1),(1221,91,0,0,NULL,341,'Reservation No: R202000000000341 We adjusted your appointment, Sir. You  could chat us via facebook regarding with your appointment','2020-09-05 10:59:15','2020-09-05 10:59:15','message',1,NULL),(1231,91,0,0,NULL,341,'Reservation No: R202000000000341 We adjusted your appointment, Sir. You  could chat us via facebook regarding with your appointment','2020-09-05 10:59:15','2020-09-05 10:59:15','message',1,NULL),(1241,NULL,1,1,NULL,531,'Reservation No: R202000000000531 is requesting for approval','2020-09-05 11:05:18','2020-09-05 11:18:14','reservation',0,1),(1251,NULL,1,1,NULL,541,'Reservation No: R202000000000541 is requesting for approval','2020-09-06 05:09:06','2020-09-06 05:10:00','reservation',0,1),(1261,151,1,0,NULL,541,'Reservation No: R202000000000541 request has been approved . ','2020-09-06 05:10:07','2020-09-07 13:33:59','approved',0,1),(1271,NULL,1,1,NULL,551,'Reservation No: R202000000000551 is requesting for approval','2020-09-06 05:11:04','2020-09-06 05:11:29','reservation',0,1),(1281,91,0,0,NULL,571,'Reservation No: R202000000000571 Schedule Date has been Changed','2020-09-08 03:29:00','2020-09-08 03:29:00','resched',0,1),(1291,91,0,0,NULL,571,'Reservation No: R202000000000571 \n            Schedule Time has been changed from 11:00 am - 12:00 pm\n            to 10:00 am - 11:00 am','2020-09-08 03:29:51','2020-09-08 03:29:51','message',1,1),(1301,311,0,0,NULL,581,'Reservation No: R202000000000581 request has been denied . patient change her mind','2020-09-08 03:41:27','2020-09-08 03:41:27','cancelled',0,1),(1311,301,0,0,NULL,591,'Reservation No: R202000000000591 Schedule Date has been Changed','2020-09-08 03:44:10','2020-09-08 03:44:10','resched',0,1),(1321,301,0,0,NULL,591,'Reservation No: R202000000000591 request has been denied . ','2020-09-08 03:44:37','2020-09-08 03:44:37','cancelled',0,1),(1331,101,1,0,NULL,601,'Reservation No: R202000000000601 \n            Schedule Time has been changed from 1:40 pm - 2:40 pm\n            to 12:00 pm - 1:00 pm','2020-09-08 05:34:43','2020-09-08 05:53:26','message',1,1),(1341,NULL,1,1,NULL,611,'Reservation No: R202000000000611 is requesting for approval','2020-09-08 05:49:37','2020-09-08 05:49:46','reservation',0,1),(1351,101,1,0,NULL,611,'Reservation No: R202000000000611 request has been approved . ','2020-09-08 05:50:28','2020-09-08 05:53:32','approved',0,1),(1361,NULL,1,1,NULL,621,'Reservation No: R202000000000621 is requesting for approval','2020-09-08 05:52:21','2020-09-08 05:52:28','reservation',0,11),(1371,101,1,0,NULL,621,'Reservation No: R202000000000621 request has been denied . Sorry, the clinic for that day','2020-09-08 05:53:00','2020-09-08 05:53:23','denied',0,11),(1381,NULL,1,1,NULL,651,'Reservation No: R202000000000651 is requesting for approval','2020-09-09 02:48:24','2020-09-09 15:47:03','reservation',0,1),(1391,151,1,0,NULL,651,'Reservation No: R202000000000651 request has been approved . test remarks','2020-09-09 02:48:58','2020-09-20 05:50:03','approved',0,1),(1401,NULL,1,1,NULL,661,'Reservation No: R202000000000661 is requesting for approval','2020-09-09 15:50:15','2020-09-09 15:50:25','reservation',0,1),(1411,331,1,0,NULL,661,'Reservation No: R202000000000661 request has been approved . ','2020-09-09 15:50:37','2020-09-09 15:51:12','approved',0,1),(1421,NULL,1,1,NULL,671,'Reservation No: R202000000000671 is requesting for approval','2020-09-11 03:58:05','2020-09-11 03:59:18','reservation',0,1),(1431,121,1,0,171,671,'Reservation No: R202000000000671 Schedule Date has been Changed','2020-09-11 04:02:14','2020-09-11 04:02:52','resched',0,1),(1441,121,1,0,NULL,681,'Reservation No: R202000000000681 request has been denied . ','2020-09-11 04:15:22','2020-09-11 04:18:04','cancelled',0,1),(1451,121,1,0,NULL,681,'Reservation No: R202000000000681 request has been denied . ','2020-09-11 04:15:22','2020-09-11 04:18:04','cancelled',0,1),(1461,121,1,0,NULL,691,'Reservation No: R202000000000691 \n            Schedule Time has been changed from 11:00 am - 12:00 pm\n            to 10:10 am - 11:10 am','2020-09-11 04:18:27','2020-09-15 01:05:54','message',1,1),(1471,121,1,0,NULL,691,'Reservation No: R202000000000691 Hello Sir Gon, you have a scheduled appointment for today, please don\'t be late, if you\'re going to be late, inform us immediately. Thank you','2020-09-11 04:20:58','2020-09-15 01:05:54','message',1,NULL),(1481,301,0,0,NULL,521,'Reservation No: R202000000000521 request has been denied . Sorry, we\'re fully booked, please choose another day. Thank you for understanding','2020-09-12 04:14:49','2020-09-12 04:14:49','denied',0,1),(1491,311,0,0,NULL,531,'Reservation No: R202000000000531 request has been denied . Hello Ms. Jessica, sorry we\'re already fullybooked','2020-09-12 04:15:41','2020-09-12 04:15:41','denied',0,1),(1501,NULL,1,1,NULL,701,'Reservation No: R202000000000701 is requesting for approval','2020-09-12 04:17:32','2020-09-12 04:18:00','reservation',0,1),(1511,101,1,0,0,701,'Reservation No: R202000000000701 Schedule Date has been Changed','2020-09-12 04:19:25','2020-09-12 04:57:04','resched',0,1),(1521,101,1,0,NULL,701,'Reservation No: R202000000000701 request has been denied . Hello Killua! we\'re sorry to inform you that we are already fully booked for that day, kindly choose another day, Thank you','2020-09-12 04:22:08','2020-09-12 04:57:04','denied',0,1),(1531,NULL,1,1,NULL,711,'Reservation No: R202000000000711 is requesting for approval','2020-09-12 04:23:28','2020-09-12 04:23:34','reservation',0,1),(1541,101,1,0,NULL,711,'Reservation No: R202000000000711 request has been denied . ','2020-09-12 04:23:46','2020-09-12 04:39:23','denied',0,1),(1551,NULL,1,1,NULL,721,'Reservation No: R202000000000721 is requesting for approval','2020-09-12 04:24:18','2020-09-12 04:48:23','reservation',0,1),(1561,101,1,0,NULL,721,'Reservation No: R202000000000721 request has been approved . ','2020-09-12 04:24:49','2020-09-12 04:56:40','approved',0,1),(1571,101,1,0,NULL,721,'Reservation No: R202000000000721 \n            Schedule Time has been changed from 1:00 pm - 2:00 pm\n            to 12:00 pm - 1:00 pm','2020-09-12 04:25:26','2020-09-12 04:56:40','message',1,1),(1581,101,1,0,NULL,721,'Reservation No: R202000000000721 Hello Ma\'am, you have an appointment with us today, please don\'t be late, if you\'ll be late please inform us 30 minutes prior to the start of your appointment. Thank you!','2020-09-12 04:32:54','2020-09-12 04:56:40','message',1,NULL),(1591,311,0,0,NULL,741,'Reservation No: R202000000000741 \n            Schedule Time has been changed from 1:20 pm - 2:00 pm\n            to 1:00 pm - 1:40 pm','2020-09-12 04:43:46','2020-09-12 04:43:46','message',1,1),(1601,331,1,0,291,751,'Reservation No: R202000000000751 request has been approved','2020-09-12 04:47:19','2020-09-14 14:45:42','approved',0,1),(1611,NULL,1,1,NULL,761,'Reservation No: R202000000000761 is requesting for approval','2020-09-12 08:38:05','2020-09-12 08:38:26','reservation',0,1),(1621,331,0,0,NULL,761,'Reservation No: R202000000000761 request has been approved . ','2020-09-12 08:38:44','2020-09-12 08:38:44','approved',0,1),(1631,301,0,0,NULL,631,'Reservation No: R202000000000631 request has been denied . Patient didn\'t show up','2020-09-14 04:57:04','2020-09-14 04:57:04','cancelled',0,1),(1641,151,1,0,NULL,431,'Reservation No: R202000000000431 request has been denied . Patient had an emergency','2020-09-14 04:57:52','2020-09-20 05:49:53','cancelled',0,11),(1651,NULL,1,1,NULL,781,'Reservation No: R202000000000781 is requesting for approval','2020-09-14 07:59:34','2020-09-14 07:59:42','reservation',0,1),(1661,351,1,0,0,781,'Reservation No: R202000000000781 Schedule Date has been Changed','2020-09-14 08:00:06','2020-09-14 08:03:21','resched',0,1),(1671,351,1,0,NULL,781,'Reservation No: R202000000000781 request has been approved . ','2020-09-14 08:00:22','2020-09-14 08:03:21','approved',0,1),(1681,91,0,0,311,771,'Reservation No: R202000000000771 Schedule Date has been Changed','2020-09-14 08:01:39','2020-09-14 08:01:39','resched',0,1),(1691,351,1,0,NULL,781,'Reservation No: R202000000000781 \n            Schedule Time has been changed from 11:00 am - 12:00 pm\n            to 10:50 am - 11:50 am','2020-09-14 08:02:19','2020-09-14 08:03:21','message',1,1),(1701,351,1,0,NULL,781,'Reservation No: R202000000000781 \n            Schedule Time has been changed from 10:50 am - 11:50 am\n            to 11:00 am - 12:00 pm','2020-09-14 08:02:29','2020-09-14 08:03:21','message',1,1),(1711,91,0,0,311,791,'Reservation No: R202000000000791 Schedule Date has been Changed','2020-09-14 08:07:31','2020-09-14 08:07:31','resched',0,1),(1721,91,0,0,NULL,791,'Reservation No: R202000000000791 \n            Schedule Time has been changed from 1:05 pm - 2:00 pm\n            to 12:25 pm - 1:20 pm','2020-09-14 08:07:54','2020-09-14 08:07:54','message',1,1),(1731,91,0,0,NULL,791,'Reservation No: R202000000000791 request has been denied . ','2020-09-14 08:11:09','2020-09-14 08:11:09','cancelled',0,1),(1741,NULL,1,1,NULL,801,'Reservation No: R202000000000801 is requesting for approval','2020-09-14 08:17:14','2020-09-15 04:51:25','reservation',0,11),(1751,NULL,1,1,NULL,831,'Reservation No: R202000000000831 is requesting for approval','2020-09-14 12:16:08','2020-09-20 02:36:03','reservation',0,1),(1761,NULL,1,1,NULL,841,'Reservation No: R202000000000841 is requesting for approval','2020-09-14 12:16:38','2020-09-20 02:36:06','reservation',0,11),(1771,201,0,0,NULL,821,'Reservation No: R202000000000821 \n            Schedule Time has been changed from 12:30 pm - 1:30 pm\n            to 12:00 pm - 1:00 pm','2020-09-15 04:35:16','2020-09-15 04:35:16','message',1,1),(1781,101,0,0,NULL,861,'Reservation No: R202000000000861 request has been denied . ','2020-09-15 04:45:00','2020-09-15 04:45:00','cancelled',0,1),(1791,NULL,1,1,NULL,871,'Reservation No: R202000000000871 is requesting for approval','2020-09-15 04:45:37','2020-09-20 02:36:15','reservation',0,1),(1801,101,0,0,NULL,871,'Reservation No: R202000000000871 request has been approved . Thank you for availing our services','2020-09-15 04:47:17','2020-09-15 04:47:17','approved',0,1),(1811,NULL,0,1,NULL,881,'Reservation No: R202000000000881 is requesting for approval','2020-09-15 04:51:11','2020-09-15 04:51:11','reservation',0,11),(1821,121,1,0,NULL,901,'Reservation No: R202000000000901 Hello  gon! We would like to inform you that your dentist will be late/absent so I\'m going to transfer you to another dentist, rest assured that it wont affect your scheduled appointment. See you!','2020-09-15 04:59:48','2020-09-15 04:59:57','message',1,NULL),(1831,121,0,0,NULL,901,'Reservation No: R202000000000901 Schedule Date has been Changed','2020-09-15 05:00:39','2020-09-15 05:00:39','resched',0,1),(1841,91,0,0,NULL,771,'Reservation No: R202000000000771 Hello Maria! we\'re very sorry to inform you that your dentist had an emergency, is it okay if we resched tomorrow or you can choose your preferred date. Thank you!','2020-09-15 05:01:22','2020-09-15 05:01:22','message',1,NULL),(1851,91,0,0,311,771,'Reservation No: R202000000000771 Schedule Date has been Changed','2020-09-15 05:02:02','2020-09-15 05:02:02','resched',0,1),(1861,121,0,0,331,911,'Reservation No: R202000000000911 request has been approved','2020-09-15 05:13:35','2020-09-15 05:13:35','approved',0,1),(1871,241,0,0,NULL,841,'Reservation No: R202000000000841 request has been denied . ','2020-09-20 02:36:12','2020-09-20 02:36:12','denied',0,11);
/*!40000 ALTER TABLE `notifications` ENABLE KEYS */;
UNLOCK TABLES;

--
-- Table structure for table `prescriptions`
--

DROP TABLE IF EXISTS `prescriptions`;
/*!40101 SET @saved_cs_client     = @@character_set_client */;
/*!50503 SET character_set_client = utf8mb4 */;
CREATE TABLE `prescriptions` (
  `id` int(11) NOT NULL AUTO_INCREMENT,
  `transactionId` int(11) DEFAULT NULL,
  `date` date DEFAULT NULL,
  `archive` int(11) DEFAULT '0',
  `prescriptionNo` varchar(255) DEFAULT NULL,
  `createdAt` datetime NOT NULL,
  `updatedAt` datetime NOT NULL,
  `actionId` int(11) DEFAULT NULL,
  `treatmentId` int(11) DEFAULT NULL,
  PRIMARY KEY (`id`)
) ENGINE=InnoDB AUTO_INCREMENT=151 DEFAULT CHARSET=latin1;
/*!40101 SET character_set_client = @saved_cs_client */;

--
-- Dumping data for table `prescriptions`
--

LOCK TABLES `prescriptions` WRITE;
/*!40000 ALTER TABLE `prescriptions` DISABLE KEYS */;
INSERT INTO `prescriptions` VALUES (1,41,'2020-08-08',0,'P202000000000001','2020-08-01 07:42:41','2020-08-08 16:23:52',NULL,NULL),(11,51,'2020-08-03',1,'P202000000000011','2020-08-03 03:55:04','2020-08-03 03:55:25',NULL,NULL),(21,111,'2020-08-24',0,'P202000000000021','2020-08-16 10:33:45','2020-08-16 10:33:45',NULL,NULL),(31,131,'2020-08-24',0,'P202000000000031','2020-08-16 13:05:07','2020-08-16 13:05:07',NULL,NULL),(41,41,'2020-08-21',0,'P202000000000041','2020-08-21 07:34:53','2020-08-21 07:34:53',NULL,NULL),(51,171,'2020-08-24',0,'P202000000000051','2020-08-24 03:24:16','2020-08-24 03:24:16',NULL,NULL),(61,181,'2020-08-24',1,'P202000000000061','2020-08-24 06:47:00','2020-08-24 06:47:10',NULL,NULL),(71,181,'2020-08-24',0,'P202000000000071','2020-08-24 06:47:00','2020-08-24 06:47:00',NULL,NULL),(81,191,'2020-08-30',0,'P202000000000081','2020-08-30 03:13:06','2020-08-30 03:13:06',NULL,NULL),(91,211,'2020-09-05',0,'P202000000000091','2020-09-05 03:51:13','2020-09-05 03:51:13',NULL,NULL),(101,241,'2020-09-05',0,'P202000000000101','2020-09-05 04:05:37','2020-09-05 04:05:37',NULL,NULL),(111,251,'2020-09-08',0,'P202000000000111','2020-09-08 03:33:23','2020-09-08 03:33:23',NULL,NULL),(121,271,'2020-09-08',0,'P202000000000121','2020-09-08 05:57:48','2020-09-08 05:57:48',NULL,NULL),(131,311,'2020-09-14',0,'P202000000000131','2020-09-14 15:01:16','2020-09-14 15:01:17',NULL,NULL),(141,321,'2020-09-15',0,'P202000000000141','2020-09-15 05:16:17','2020-09-15 05:16:18',NULL,NULL);
/*!40000 ALTER TABLE `prescriptions` ENABLE KEYS */;
UNLOCK TABLES;

--
-- Table structure for table `prescriptitems`
--

DROP TABLE IF EXISTS `prescriptitems`;
/*!40101 SET @saved_cs_client     = @@character_set_client */;
/*!50503 SET character_set_client = utf8mb4 */;
CREATE TABLE `prescriptitems` (
  `id` int(11) NOT NULL AUTO_INCREMENT,
  `prescriptionId` int(11) DEFAULT NULL,
  `medicine` varchar(255) DEFAULT NULL,
  `qty` float DEFAULT '0',
  `amount` float DEFAULT '0',
  `archive` int(11) DEFAULT '0',
  `createdAt` datetime NOT NULL,
  `updatedAt` datetime NOT NULL,
  `dosage` varchar(255) DEFAULT NULL,
  `days` varchar(255) DEFAULT NULL,
  `medicineId` int(11) DEFAULT NULL,
  `remarks` varchar(255) DEFAULT NULL,
  PRIMARY KEY (`id`)
) ENGINE=InnoDB AUTO_INCREMENT=181 DEFAULT CHARSET=latin1;
/*!40101 SET character_set_client = @saved_cs_client */;

--
-- Dumping data for table `prescriptitems`
--

LOCK TABLES `prescriptitems` WRITE;
/*!40000 ALTER TABLE `prescriptitems` DISABLE KEYS */;
INSERT INTO `prescriptitems` VALUES (21,11,'testasfd',2,0,0,'2020-08-03 03:55:19','2020-08-03 03:55:19','500mg','2',0,'1x a day'),(31,11,'gg',2,0,0,'2020-08-03 03:55:19','2020-08-03 03:55:19','','',0,''),(41,1,'Mefenamic',12,0,0,'2020-08-08 16:23:52','2020-08-08 16:23:52','50mg','4',0,'3x a day'),(51,21,'Penicilin',10,0,0,'2020-08-16 10:33:45','2020-08-16 10:33:45','mg','5',0,'take twice a day after 8 hours'),(61,31,'Penicilin',14,0,0,'2020-08-16 13:05:07','2020-08-16 13:05:07','25mg','5',0,'2x a day, every 8 hours'),(71,41,'gamot',2,0,0,'2020-08-21 07:34:53','2020-08-21 07:34:53','500mg','2',0,'1x a day'),(81,51,'mefenamic',10,0,0,'2020-08-24 03:24:16','2020-08-24 03:24:16','50mg','5',0,'take twice a day, every 8 hours'),(91,61,'mefenamic',10,0,0,'2020-08-24 06:47:00','2020-08-24 06:47:00','50mg','5',0,'Take twice a day, 8am and 8 pm'),(101,71,'mefenamic',10,0,0,'2020-08-24 06:47:00','2020-08-24 06:47:00','50mg','5',0,'Take twice a day, 8am and 8 pm'),(111,81,'MEFENAMIC',5,0,0,'2020-08-30 03:13:06','2020-08-30 03:13:06','50MG','5',0,'twice a day, every 8 hours'),(121,91,'mefenamic',5,0,0,'2020-09-05 03:51:13','2020-09-05 03:51:13','50mg','5',0,'2x a day, every 8am and 8pm'),(131,101,'mefenamic',10,0,0,'2020-09-05 04:05:37','2020-09-05 04:05:37','50mg','5',0,'2x a day, every 8am and 8pm'),(141,111,'MEFENAMIC',10,0,0,'2020-09-08 03:33:23','2020-09-08 03:33:23','50mg','5 ',0,'2x a day, every 8am & 8pm'),(151,121,'Mefenamic',10,0,0,'2020-09-08 05:57:48','2020-09-08 05:57:48','50mg','5',0,'Sx a day, every 8am & 8pm'),(161,131,'Tetracyclines',1,0,0,'2020-09-14 15:01:17','2020-09-14 15:01:17','500mg','14',0,'Orally twice a day 2 weeks'),(171,141,'Mefenamic',10,0,0,'2020-09-15 05:16:18','2020-09-15 05:16:18','50mg','5',0,'Drink 2x a day, every 8am & 8pm');
/*!40000 ALTER TABLE `prescriptitems` ENABLE KEYS */;
UNLOCK TABLES;

--
-- Table structure for table `refreshtokens`
--

DROP TABLE IF EXISTS `refreshtokens`;
/*!40101 SET @saved_cs_client     = @@character_set_client */;
/*!50503 SET character_set_client = utf8mb4 */;
CREATE TABLE `refreshtokens` (
  `id` int(11) NOT NULL AUTO_INCREMENT,
  `userId` int(11) DEFAULT NULL,
  `token` text NOT NULL,
  `revoke` int(11) DEFAULT '0',
  `createdAt` datetime NOT NULL,
  `updatedAt` datetime NOT NULL,
  `expiresAt` datetime DEFAULT NULL,
  PRIMARY KEY (`id`)
) ENGINE=InnoDB AUTO_INCREMENT=5381 DEFAULT CHARSET=latin1;
/*!40101 SET character_set_client = @saved_cs_client */;

--
-- Dumping data for table `refreshtokens`
--

LOCK TABLES `refreshtokens` WRITE;
/*!40000 ALTER TABLE `refreshtokens` DISABLE KEYS */;
INSERT INTO `refreshtokens` VALUES (5,61,'eyJhbGciOiJIUzI1NiIsInR5cCI6IkpXVCJ9.eyJpZCI6NjEsImlhdCI6MTU5NjAyMzAyN30.yEvYHpb3yL1N2Moa8KF1RlFR5cvckqN_3ZZshVTWRw8',0,'2020-07-29 19:43:47','2020-07-29 19:43:47','2020-07-31 19:43:47'),(3701,281,'eyJhbGciOiJIUzI1NiIsInR5cCI6IkpXVCJ9.eyJpZCI6MjgxLCJpYXQiOjE1OTkyODc3NTN9.lhxu1Z34lsBx079RstxYKfks-6TcD0Fs-jFq9RF3qaI',0,'2020-09-05 06:35:53','2020-09-05 06:35:53','2020-09-07 06:35:53'),(3871,321,'eyJhbGciOiJIUzI1NiIsInR5cCI6IkpXVCJ9.eyJpZCI6MzIxLCJpYXQiOjE1OTkzMDM2OTl9.V924JxPYJT3Kk4afbtafTAm-YJ2Gb2MnLy1e_lbLMYk',0,'2020-09-05 11:01:39','2020-09-05 11:01:39','2020-09-07 11:01:39'),(3891,311,'eyJhbGciOiJIUzI1NiIsInR5cCI6IkpXVCJ9.eyJpZCI6MzExLCJpYXQiOjE1OTkzMDQzMDN9.0_h2iJK1laDtcZj3B0mVpaA8UBSa7DwJZlSL6Q75C6k',0,'2020-09-05 11:11:43','2020-09-05 11:11:43','2020-09-07 11:11:43'),(3961,341,'eyJhbGciOiJIUzI1NiIsInR5cCI6IkpXVCJ9.eyJpZCI6MzQxLCJpYXQiOjE1OTkzNTQxNjd9.VJtcq99WhBYacQFMUNj_yq8L0WHldUKWjFO30OqFCE0',0,'2020-09-06 01:02:47','2020-09-06 01:02:47','2020-09-08 01:02:47'),(5051,63,'eyJhbGciOiJIUzI1NiIsInR5cCI6IkpXVCJ9.eyJpZCI6NjMsImlhdCI6MTYwMDEzNTE1OX0.YNs2T47wkffy-2Rao_AGGoJLRPmVW5C-Zmp-fUs24M4',0,'2020-09-15 01:59:19','2020-09-15 01:59:19','2020-09-17 01:59:19'),(5091,121,'eyJhbGciOiJIUzI1NiIsInR5cCI6IkpXVCJ9.eyJpZCI6MTIxLCJpYXQiOjE2MDAxMzgzNjl9.jreEoTrPMsxmMzPBL-MDreCc9SwyP1eCvY5uw8u4iww',0,'2020-09-15 02:52:49','2020-09-15 02:52:49','2020-09-17 02:52:49'),(5371,49,'eyJhbGciOiJIUzI1NiIsInR5cCI6IkpXVCJ9.eyJpZCI6NDksImlhdCI6MTYwMDYwOTYwMH0.4tchBYgQHqQDtnnKVRwUmYE1Z5H9ltUK_elxTaz_axY',0,'2020-09-20 13:46:40','2020-09-20 13:46:40','2020-09-22 13:46:40');
/*!40000 ALTER TABLE `refreshtokens` ENABLE KEYS */;
UNLOCK TABLES;

--
-- Table structure for table `reservations`
--

DROP TABLE IF EXISTS `reservations`;
/*!40101 SET @saved_cs_client     = @@character_set_client */;
/*!50503 SET character_set_client = utf8mb4 */;
CREATE TABLE `reservations` (
  `id` int(11) NOT NULL AUTO_INCREMENT,
  `reservationNo` varchar(255) DEFAULT NULL,
  `date` date DEFAULT NULL,
  `starttime` datetime DEFAULT NULL,
  `endtime` datetime DEFAULT NULL,
  `userId` int(11) DEFAULT NULL,
  `dentistId` int(11) DEFAULT NULL,
  `status` int(11) DEFAULT '0',
  `type` int(11) DEFAULT '0',
  `expired` int(11) DEFAULT '0',
  `approvedBy` varchar(255) DEFAULT NULL,
  `createdAt` datetime NOT NULL,
  `updatedAt` datetime NOT NULL,
  `transactionId` int(11) DEFAULT NULL,
  `remarks` varchar(255) DEFAULT NULL,
  `branchId` int(11) DEFAULT NULL,
  `Start` varchar(10) DEFAULT NULL,
  `End` varchar(10) DEFAULT NULL,
  `isResched` int(11) NOT NULL DEFAULT '0',
  PRIMARY KEY (`id`)
) ENGINE=InnoDB AUTO_INCREMENT=931 DEFAULT CHARSET=latin1;
/*!40101 SET character_set_client = @saved_cs_client */;

--
-- Dumping data for table `reservations`
--

LOCK TABLES `reservations` WRITE;
/*!40000 ALTER TABLE `reservations` DISABLE KEYS */;
INSERT INTO `reservations` VALUES (21,'R202000000000021','2020-08-08','2020-08-08 14:00:00','2020-08-08 15:00:00',91,1,4,0,0,'Staffs tests testings','2020-07-30 09:08:19','2020-08-01 07:37:04',41,NULL,1,'14:00','15:00',0),(41,'R202000000000041','2020-08-07','2020-08-07 11:00:00','2020-08-07 12:00:00',101,11,4,0,0,'Staffs tests testings','2020-07-30 11:10:50','2020-08-01 07:23:39',31,NULL,1,'11:00','12:00',0),(51,'R202000000000051','2020-08-10','2020-08-10 11:00:00','2020-08-10 13:00:00',101,11,2,0,0,'Staffs tests testings','2020-08-01 07:32:31','2020-08-01 07:35:16',0,NULL,1,'11:00','13:00',0),(61,'R202000000000061','2020-08-11','2020-08-11 11:00:00','2020-08-11 12:00:00',91,1,4,1,0,'Staffs tests testings','2020-08-01 07:43:53','2020-08-05 14:27:30',41,NULL,1,'11:00','12:00',0),(91,'R202000000000091','2020-08-10','2020-08-10 10:00:00','2020-08-10 11:00:00',151,1,4,0,0,'Super Admin Admin','2020-08-02 00:55:13','2020-08-02 15:42:22',51,NULL,1,'10:00','11:00',0),(101,'R202000000000101','2020-08-10','2020-08-10 10:00:00','2020-08-10 12:00:00',151,21,3,0,0,'Super Admin Admin','2020-08-02 00:55:52','2020-08-16 12:23:29',0,NULL,11,'10:00','12:00',0),(111,'R202000000000111','2020-08-11','2020-08-11 10:00:00','2020-08-11 11:00:00',101,21,4,0,0,'Super Admin Admin','2020-08-03 11:34:41','2020-08-03 11:40:54',61,NULL,11,'10:00','11:00',0),(131,'R202000000000131','2020-08-13','2020-08-13 10:00:00','2020-08-13 11:00:00',101,1,4,0,0,'Super Admin Admin','2020-08-05 14:21:48','2020-08-05 14:29:48',81,NULL,1,'10:00','11:00',0),(141,'R202000000000141','2020-08-16','2020-08-16 12:00:00','2020-08-16 13:00:00',101,1,2,1,0,'Super Admin Admin','2020-08-05 14:32:06','2020-08-05 14:32:06',81,NULL,1,'10:00','12:00',0),(151,'R202000000000151','2020-08-15','2020-08-15 13:00:00','2020-08-15 14:00:00',151,1,4,0,0,'Super Admin Admin','2020-08-09 03:22:19','2020-08-09 03:25:31',91,NULL,1,'13:00','14:00',0),(161,'R202000000000161','2020-08-17','2020-08-17 12:00:00','2020-08-17 13:00:00',151,1,4,0,0,'Super Admin Admin','2020-08-09 03:32:29','2020-08-09 03:33:12',101,NULL,1,'12:00','13:00',0),(171,'R202000000000171','2020-08-17','2020-08-17 10:00:00','2020-08-17 11:00:00',151,1,4,1,0,'Super Admin Admin','2020-08-09 03:45:32','2020-08-17 03:19:22',101,NULL,1,'10:00','11:00',0),(181,'R202000000000181','2020-08-23','2020-08-23 13:00:00','2020-08-23 14:00:00',201,11,3,0,0,'Super Admin Admin','2020-08-15 13:15:51','2020-08-16 12:44:46',0,NULL,1,'13:00','14:00',0),(191,'R202000000000191','2020-08-24','2020-08-24 10:40:00','2020-08-24 11:40:00',101,21,4,0,0,'Super Admin Admin','2020-08-16 10:25:20','2020-08-16 10:30:00',111,NULL,11,'10:40','11:40',0),(201,'R202000000000201','2020-08-25','2020-08-25 10:00:00','2020-08-25 11:00:00',231,1,4,0,0,'Super Admin Admin','2020-08-16 12:10:58','2020-08-16 12:34:49',121,NULL,1,'10:00','11:00',0),(211,'R202000000000211','2020-08-24','2020-08-24 11:00:00',NULL,231,11,2,0,0,'Super Admin Admin','2020-08-16 12:41:51','2020-08-16 12:43:01',0,NULL,1,'11:00','00:00',0),(221,'R202000000000221','2020-08-24','2020-08-24 10:00:00','2020-08-24 11:40:00',231,11,4,0,0,'Super Admin Admin','2020-08-16 12:45:25','2020-08-16 13:00:26',131,NULL,1,'10:00','11:40',0),(231,'R202000000000231','2020-08-24','2020-08-24 11:00:00','2020-08-24 13:00:00',231,1,2,0,0,'Super Admin Admin','2020-08-16 12:49:47','2020-08-16 12:54:34',0,NULL,1,'11:00','13:00',0),(241,'R202000000000241','2020-08-17','2020-08-17 10:50:00','2020-08-17 11:50:00',59,11,3,0,0,'Super Admin Admin','2020-08-17 03:27:32','2020-08-24 02:46:52',NULL,NULL,1,'10:50','11:50',0),(251,'R202000000000251','2020-08-17','2020-08-17 13:00:00','2020-08-17 13:30:00',201,21,4,0,0,'Super Admin Admin','2020-08-17 03:34:43','2020-08-17 03:35:19',161,NULL,11,'13:00','13:30',0),(281,'R202000000000281','2020-08-23','2020-08-23 10:00:00','2020-08-23 11:00:00',151,1,3,1,0,'Super Admin Admin','2020-08-17 03:49:34','2020-08-24 09:16:01',101,NULL,1,'10:00','11:00',0),(291,'R202000000000291','2020-08-20','2020-08-20 10:20:00','2020-08-20 11:20:00',121,11,4,0,0,'Super Admin Admin','2020-08-17 04:02:46','2020-08-24 03:20:57',171,NULL,1,'10:20','11:20',0),(301,'R202000000000301','2020-08-20','2020-08-20 10:30:00','2020-08-20 12:00:00',101,1,3,1,0,'Super Admin Admin','2020-08-19 09:09:30','2020-08-24 01:50:05',151,NULL,1,'10:30','12:00',0),(321,'R202000000000321','2020-08-25','2020-08-25 11:30:00','2020-08-25 13:00:00',231,1,3,1,0,'Super Admin Admin','2020-08-19 09:43:09','2020-08-27 12:28:02',121,NULL,1,'11:30','13:00',0),(331,'R202000000000331','2020-08-24','2020-08-24 13:00:00','2020-08-24 14:00:00',251,11,4,0,0,'Super Admin Admin','2020-08-24 02:01:13','2020-08-24 06:44:52',181,NULL,1,'13:00','14:00',0),(341,'R202000000000341','2020-09-13','2020-09-13 15:00:00','2020-09-13 16:00:00',91,1,4,0,0,'Admin two Admin','2020-08-24 02:27:29','2020-09-13 09:41:17',311,NULL,1,'15:00','16:00',1),(351,'R202000000000351','2020-09-01','0000-00-00 00:00:00',NULL,91,21,2,0,0,'Super Admin Admin','2020-08-24 02:30:42','2020-09-03 01:21:47',0,NULL,11,'11:00','00:00',0),(361,'R202000000000361','2020-08-24','2020-08-24 11:40:00','2020-08-24 12:40:00',261,21,3,0,0,'Super Admin Admin','2020-08-24 03:18:45','2020-08-27 12:27:26',NULL,NULL,11,'11:40','12:40',0),(371,'R202000000000371','2020-08-26','2020-08-26 11:00:00','2020-08-26 12:00:00',121,11,3,1,0,'Super Admin Admin','2020-08-24 03:29:01','2020-08-27 12:28:16',171,NULL,1,'11:00','12:00',0),(381,'R202000000000381','2020-08-30','2020-08-30 10:30:00','2020-08-30 11:30:00',201,11,4,0,0,'Super Admin Admin','2020-08-30 01:23:30','2020-08-30 02:54:51',191,NULL,1,'10:30','11:30',0),(391,'R202000000000391','2020-08-30','2020-08-30 11:30:00','2020-08-30 12:30:00',91,11,3,0,0,'Super Admin Admin','2020-08-30 02:57:08','2020-08-30 03:09:23',NULL,NULL,1,'11:30','12:30',0),(401,'R202000000000401','2020-09-07','2020-09-07 13:00:00','2020-09-07 14:00:00',101,1,4,0,0,'Super Admin Admin','2020-08-30 03:02:27','2020-08-30 03:05:36',211,NULL,1,'13:00','14:00',0),(411,'R202000000000411','2020-09-07','2020-09-07 12:00:00',NULL,101,21,2,0,0,'Super Admin Admin','2020-08-30 03:26:55','2020-08-30 03:27:11',0,NULL,11,'12:00','00:00',0),(421,'R202000000000421','2020-09-04','2020-09-04 11:00:00','2020-09-04 12:00:00',121,21,3,0,0,'Super Admin Admin','2020-09-03 01:45:17','2020-09-05 03:41:50',NULL,NULL,11,'11:00','12:00',1),(431,'R202000000000431','2020-09-11','2020-09-11 10:00:00','2020-09-11 11:00:00',151,21,3,0,0,'Super Admin Admin','2020-09-03 02:21:01','2020-09-14 04:57:52',0,NULL,11,'10:00','11:00',0),(441,'R202000000000441','2020-09-03','2020-09-03 14:00:00','2020-09-03 16:00:00',241,11,3,0,0,'Super Admin Admin','2020-09-03 09:42:38','2020-09-03 09:43:23',NULL,NULL,1,'14:00','16:00',0),(451,'R202000000000451','2020-09-04','2020-09-04 15:00:00','2020-09-04 16:00:00',91,11,3,0,0,'Super Admin Admin','2020-09-03 10:15:53','2020-09-15 01:54:03',NULL,NULL,1,'15:00','16:00',1),(461,'R202000000000461','2020-09-05','2020-09-05 13:10:00','2020-09-05 13:40:00',101,1,4,1,0,'Super Admin Admin','2020-09-05 03:36:26','2020-09-05 03:48:43',211,NULL,1,'13:10','13:40',1),(471,'R202000000000471','2020-09-05','2020-09-05 13:40:00','2020-09-05 14:10:00',121,1,4,0,0,'Super Admin Admin','2020-09-05 03:40:45','2020-09-05 03:45:57',221,NULL,1,'13:40','14:10',1),(481,'R202000000000481','2020-09-05','2020-09-05 13:10:00','2020-09-05 14:10:00',201,11,4,0,0,'Super Admin Admin','2020-09-05 03:42:44','2020-09-05 03:48:35',241,NULL,1,'13:10','14:10',1),(491,'R202000000000491','2020-09-05','2020-09-05 12:55:00','2020-09-05 13:40:00',91,31,4,0,0,'Super Admin Admin','2020-09-05 03:43:29','2020-09-05 03:48:30',231,NULL,1,'12:55','13:40',1),(501,'R202000000000501','2020-09-05','2020-09-05 13:40:00','2020-09-05 14:20:00',241,31,3,0,0,'Super Admin Admin','2020-09-05 03:58:52','2020-09-05 04:00:10',NULL,NULL,1,'13:40','14:20',1),(511,'R202000000000511','2020-09-05','2020-09-05 13:35:00','2020-09-05 14:30:00',231,31,3,0,0,'Super Admin Admin','2020-09-05 04:01:23','2020-09-15 01:20:00',NULL,NULL,1,'13:35','14:30',1),(521,'R202000000000521','2020-09-13','2020-09-13 15:00:00',NULL,301,1,2,0,0,'Super Admin Admin','2020-09-05 08:58:36','2020-09-12 04:14:49',0,NULL,1,'15:00','00:00',0),(531,'R202000000000531','2020-09-13','0000-00-00 00:00:00',NULL,311,1,2,0,0,'Super Admin Admin','2020-09-05 11:05:18','2020-09-12 04:15:41',0,NULL,1,'13:00','00:00',0),(541,'R202000000000541','2020-09-14','2020-09-14 10:00:00','2020-09-14 11:00:00',151,1,4,1,0,'Super Admin Admin','2020-09-06 05:09:06','2020-09-06 05:10:33',101,NULL,1,'10:00','11:00',0),(561,'R202000000000561','2020-09-08','2020-09-08 11:00:00','2020-09-08 12:00:00',121,1,3,1,0,'staff 1 staff','2020-09-08 03:25:54','2020-09-11 03:57:45',0,NULL,1,'11:00','12:00',0),(571,'R202000000000571','2020-09-08','2020-09-08 10:00:00','2020-09-08 11:00:00',91,1,4,0,0,'staff 1 staff','2020-09-08 03:28:21','2020-09-08 03:30:04',251,NULL,1,'10:00','11:00',1),(581,'R202000000000581','2020-09-08','2020-09-08 11:01:00','2020-09-08 12:00:00',311,1,3,0,0,'staff 1 staff','2020-09-08 03:41:07','2020-09-08 03:41:27',NULL,NULL,1,'11:01','12:00',0),(591,'R202000000000591','2020-09-08','2020-09-08 10:01:00','2020-09-08 11:00:00',301,11,3,0,0,'staff 1 staff','2020-09-08 03:41:55','2020-09-08 03:44:37',NULL,NULL,1,'10:01','11:00',1),(601,'R202000000000601','2020-09-08','2020-09-08 12:00:00','2020-09-08 13:00:00',101,11,4,0,0,'Super Admin Admin','2020-09-08 05:34:24','2020-09-08 05:35:16',261,NULL,1,'12:00','13:00',1),(611,'R202000000000611','2020-09-16','2020-09-16 11:00:00','2020-09-16 12:00:00',101,1,4,0,0,'Super Admin Admin','2020-09-08 05:49:37','2020-09-08 05:57:11',271,NULL,1,'11:00','12:00',0),(621,'R202000000000621','2020-09-17','2020-09-17 11:00:00',NULL,101,21,2,0,0,'Super Admin Admin','2020-09-08 05:52:21','2020-09-08 05:53:00',0,NULL,11,'11:00','00:00',0),(631,'R202000000000631','2020-09-08','2020-09-08 14:00:00','2020-09-08 15:00:00',301,11,3,0,0,'Super Admin Admin','2020-09-08 05:54:34','2020-09-14 04:57:04',NULL,NULL,1,'14:00','15:00',0),(641,'R202000000000641','2020-09-08','2020-09-08 11:01:00','2020-09-08 12:00:00',331,1,3,0,0,'Super Admin Admin','2020-09-08 05:56:50','2020-09-09 15:24:14',NULL,NULL,1,'11:01','12:00',0),(651,'R202000000000651','2020-09-18','2020-09-18 10:00:00','2020-09-18 11:00:00',151,1,4,0,0,'Super Admin Admin','2020-09-09 02:48:24','2020-09-09 04:18:35',281,NULL,1,'10:00','11:00',0),(661,'R202000000000661','2020-09-21','2020-09-21 10:00:00','2020-09-21 12:00:00',331,11,4,0,0,'Jose Mari Chan','2020-09-09 15:50:15','2020-09-12 04:39:51',291,NULL,1,'10:00','12:00',0),(681,'R202000000000681','2020-09-11','2020-09-11 10:00:00','2020-09-11 11:00:00',121,11,3,1,0,'Super Admin Admin','2020-09-11 04:13:25','2020-09-11 04:15:22',171,NULL,1,'10:00','11:00',0),(691,'R202000000000691','2020-09-20','2020-09-20 10:10:00','2020-09-20 11:10:00',121,11,4,1,0,'Super Admin Admin','2020-09-11 04:17:34','2020-09-11 04:21:50',171,NULL,1,'10:10','11:10',1),(701,'R202000000000701','2020-09-25','2020-09-25 10:00:00','2020-09-25 11:00:00',101,1,2,0,0,'Super Admin Admin','2020-09-12 04:17:32','2020-09-12 04:22:08',0,NULL,1,'10:00','11:00',1),(711,'R202000000000711','2020-09-20','2020-09-20 10:00:00',NULL,101,1,2,1,0,'Super Admin Admin','2020-09-12 04:23:27','2020-09-12 04:23:46',271,NULL,1,'10:00','00:00',0),(721,'R202000000000721','2020-09-21','2020-09-21 12:00:00','2020-09-21 13:00:00',101,11,4,0,0,'Super Admin Admin','2020-09-12 04:24:18','2020-09-12 04:54:47',301,NULL,1,'12:00','13:00',1),(731,'R202000000000731','2020-09-21','2020-09-21 10:00:00','2020-09-21 11:00:00',321,31,1,0,0,'Super Admin Admin','2020-09-12 04:41:27','2020-09-12 04:41:27',NULL,NULL,1,'10:00','11:00',0),(741,'R202000000000741','2020-09-21','2020-09-21 13:00:00','2020-09-21 13:40:00',311,11,1,0,0,'Super Admin Admin','2020-09-12 04:43:21','2020-09-12 04:43:46',NULL,NULL,1,'13:00','13:40',1),(751,'R202000000000751','2020-09-23','2020-09-23 10:00:00','2020-09-23 11:00:00',331,11,4,1,0,'Super Admin Admin','2020-09-12 04:47:19','2020-09-12 04:50:47',291,NULL,1,'10:00','11:00',0),(761,'R202000000000761','2020-09-22','2020-09-22 11:00:00','2020-09-22 12:00:00',331,1,1,0,0,'Maria M. Mercedes','2020-09-12 08:38:04','2020-09-12 08:38:44',0,NULL,1,'11:00','12:00',0),(771,'R202000000000771','2020-09-16','2020-09-16 13:00:00','2020-09-16 14:00:00',91,1,1,1,0,'Super Admin Admin','2020-09-13 09:49:10','2020-09-15 05:02:02',311,NULL,1,'13:00','14:00',1),(781,'R202000000000781','2020-09-15','2020-09-15 11:00:00','2020-09-15 12:00:00',351,11,1,0,0,'Super Admin Admin','2020-09-14 07:59:34','2020-09-14 08:02:29',0,NULL,1,'11:00','12:00',1),(791,'R202000000000791','2020-09-15','2020-09-15 12:25:00','2020-09-15 13:20:00',91,1,3,1,0,'Super Admin Admin','2020-09-14 08:06:27','2020-09-14 08:11:09',311,NULL,1,'12:25','13:20',1),(801,'R202000000000801','2020-09-22','2020-09-22 11:00:00',NULL,361,41,0,0,0,NULL,'2020-09-14 08:17:14','2020-09-14 08:17:14',0,NULL,11,'11:00','00:00',0),(811,'R202000000000811','2020-09-15','2020-09-15 11:00:00','2020-09-15 12:00:00',341,31,4,0,0,'Super Admin Admin','2020-09-14 08:37:51','2020-09-15 04:35:37',321,NULL,1,'11:00','12:00',0),(821,'R202000000000821','2020-09-15','2020-09-15 12:00:00','2020-09-15 13:00:00',201,11,1,0,0,'Super Admin Admin','2020-09-14 08:39:52','2020-09-15 04:35:16',NULL,NULL,1,'12:00','13:00',1),(831,'R202000000000831','2020-09-22','2020-09-22 13:00:00',NULL,241,51,0,0,0,NULL,'2020-09-14 12:16:08','2020-09-14 12:16:08',0,NULL,1,'13:00','00:00',0),(841,'R202000000000841','2020-09-22','2020-09-22 11:00:00',NULL,241,41,2,0,0,'Super Admin Admin','2020-09-14 12:16:38','2020-09-20 02:36:12',0,NULL,11,'11:00','00:00',0),(851,'R202000000000851','2020-09-22','2020-09-22 11:00:00','2020-09-22 12:00:00',291,31,1,0,0,'Super Admin Admin','2020-09-15 01:26:18','2020-09-15 01:26:18',NULL,NULL,1,'11:00','12:00',0),(861,'R202000000000861','2020-09-23','2020-09-23 11:30:00','2020-09-23 12:00:00',101,1,3,1,0,'Super Admin Admin','2020-09-15 04:43:33','2020-09-15 04:45:00',271,NULL,1,'11:30','12:00',0),(871,'R202000000000871','2020-09-24','2020-09-24 12:00:00','2020-09-24 13:00:00',101,1,1,1,0,'Super Admin Admin','2020-09-15 04:45:37','2020-09-15 04:47:16',271,NULL,1,'12:00','13:00',0),(881,'R202000000000881','2020-09-23','2020-09-23 12:00:00',NULL,121,41,0,0,0,NULL,'2020-09-15 04:51:11','2020-09-15 04:51:11',0,NULL,11,'12:00','00:00',0),(891,'R202000000000891','2020-09-15','2020-09-15 12:25:00','2020-09-15 13:20:00',321,1,1,0,0,'Super Admin Admin','2020-09-15 04:55:54','2020-09-15 04:55:54',NULL,NULL,1,'12:25','13:20',0),(901,'R202000000000901','2020-09-15','2020-09-15 14:00:00','2020-09-15 15:00:00',121,1,4,0,0,'Super Admin Admin','2020-09-15 04:58:49','2020-09-15 05:02:27',331,NULL,1,'14:00','15:00',1),(911,'R202000000000911','2020-10-01','2020-10-01 14:13:00','2020-10-01 15:00:00',121,1,1,1,0,'Super Admin Admin','2020-09-15 05:13:35','2020-09-15 05:13:35',331,NULL,1,'14:13','15:00',0);
/*!40000 ALTER TABLE `reservations` ENABLE KEYS */;
UNLOCK TABLES;

--
-- Table structure for table `resettokens`
--

DROP TABLE IF EXISTS `resettokens`;
/*!40101 SET @saved_cs_client     = @@character_set_client */;
/*!50503 SET character_set_client = utf8mb4 */;
CREATE TABLE `resettokens` (
  `id` int(11) NOT NULL AUTO_INCREMENT,
  `userId` int(11) DEFAULT NULL,
  `token` varchar(255) DEFAULT NULL,
  `email` varchar(255) DEFAULT NULL,
  `createdAt` datetime NOT NULL,
  `updatedAt` datetime NOT NULL,
  PRIMARY KEY (`id`)
) ENGINE=InnoDB AUTO_INCREMENT=231 DEFAULT CHARSET=latin1;
/*!40101 SET character_set_client = @saved_cs_client */;

--
-- Dumping data for table `resettokens`
--

LOCK TABLES `resettokens` WRITE;
/*!40000 ALTER TABLE `resettokens` DISABLE KEYS */;
INSERT INTO `resettokens` VALUES (61,131,'bRL8VyNKlIHbGGyINyYydXgK2vxK3w9r0ESR9jkv3YA139VsN1xezRb2Av8VHDq9pOMhSCUmXdRmQNrRx3kuJEPPgElVXUmd7hEq131','rheafeireezs@gmail.com','2020-08-01 08:07:51','2020-08-01 08:07:51'),(71,71,'FFo85RK21uIEBTXl7PElqU1BgM8NuO87qbuoYpfAXKPrTom10JzfQ6wSizmUg2Oz4fKhobDxsUcbOAV6R2xREgpJ3mehTevGDnmu71','asraquem@gmail.com','2020-08-01 09:50:12','2020-08-01 09:50:12'),(81,71,'c5ZjOhDTdqy9iV6iRTwRjRmBFCpqgFTCNX5FPA2PiOpepabXovDZfVQVVdckp6goTW7NlzLF2vLci8tGBisXUOWMWlUeq9JT7Oip71','asraquem@gmail.com','2020-08-01 09:52:13','2020-08-01 09:52:13'),(91,71,'tET7tKohucq2phrM8kQVCWDAaK2nIxYsb90i2vf8EGKhGslWxy3JeNVl7c6htGcoXGhLoqfFHF0KhOb4z7iJFATxBt4R4ZgZhBPu71','asraquem@gmail.com','2020-08-01 10:01:15','2020-08-01 10:01:15'),(121,62,'lHeV8yeSoUQ1jetZpnRKPjmEOpXPQLLTEGoY4ShEtUJihi0NHYamNrJ1LV4GRylF5GxA7cKzvQhRaSEgH1vNoCbQ14DVg1kTzzzA62','raquem.alvin@gmail.com','2020-08-01 16:29:25','2020-08-01 16:29:25'),(131,62,'rDFy0PF5wUGTOcSgNBqEtI4akhtX356Sddck6W66i72xatD6z0IqPV3TO15WS411rnpdsol2WjC6MeBxt8pLw9MsrBmACwDnzZf962','raquem.alvin@gmail.com','2020-08-01 17:21:23','2020-08-01 17:21:23'),(141,62,'YgFUwT5nIHhU7nKPSppXTdjiA5S3p23AXwYUCwQdcmpb1YxKPKePbKUpLwQxdZq5wTP7nTiwOpszssviQgh5jYZnkHQt7tazLiHp62','raquem.alvin@gmail.com','2020-08-02 00:39:49','2020-08-02 00:39:49'),(151,151,'Osoj7xoyGUVArnxm8SrikJ0tOSdxVFdnQQanJQXwAEVuJ7uutOOww9pDJZqpyuAqx74A4LJvHC5pEtxOmunErkyRlOZUyDBXkTu9151','testing@gmail.com','2020-08-03 03:54:09','2020-08-03 03:54:09'),(201,151,'fsQOYPTSDj2QkpMvpTNj2uYz2QUSQm5WQhkMfVPmUAKr1Is6mkMuNjEZtLWopLrhny88ZVINHGQBhzGLYjxQv9u8WvoEAL04QIub151','testing@gmail.com','2020-08-11 01:47:47','2020-08-11 01:47:47');
/*!40000 ALTER TABLE `resettokens` ENABLE KEYS */;
UNLOCK TABLES;

--
-- Table structure for table `schedules`
--

DROP TABLE IF EXISTS `schedules`;
/*!40101 SET @saved_cs_client     = @@character_set_client */;
/*!50503 SET character_set_client = utf8mb4 */;
CREATE TABLE `schedules` (
  `id` int(11) NOT NULL AUTO_INCREMENT,
  `index` int(11) NOT NULL,
  `day` varchar(255) NOT NULL,
  `start` varchar(255) DEFAULT '00:00',
  `end` varchar(255) DEFAULT '00:00',
  `active` int(11) DEFAULT '1',
  `createdAt` datetime NOT NULL,
  `updatedAt` datetime NOT NULL,
  `branchId` int(11) DEFAULT NULL,
  PRIMARY KEY (`id`)
) ENGINE=InnoDB AUTO_INCREMENT=151 DEFAULT CHARSET=latin1;
/*!40101 SET character_set_client = @saved_cs_client */;

--
-- Dumping data for table `schedules`
--

LOCK TABLES `schedules` WRITE;
/*!40000 ALTER TABLE `schedules` DISABLE KEYS */;
INSERT INTO `schedules` VALUES (1,0,'Sun','10:00','16:00',0,'2020-07-29 17:48:13','2020-09-15 04:41:31',1),(2,1,'Mon','11:00','16:00',1,'2020-07-29 17:48:13','2020-09-14 04:10:30',1),(3,2,'Tue','11:00','16:00',1,'2020-07-29 17:48:13','2020-09-14 04:10:36',1),(4,3,'Wed','11:00','16:00',1,'2020-07-29 17:48:13','2020-09-14 04:10:42',1),(5,4,'Thu','11:00','16:00',1,'2020-07-29 17:48:13','2020-09-14 04:10:48',1),(6,5,'Fri','11:00','16:00',1,'2020-07-29 17:48:13','2020-09-14 04:10:54',1),(7,6,'Sat','11:00','16:00',1,'2020-07-29 17:48:13','2020-09-14 04:11:08',1),(11,0,'Sun','10:00','16:00',0,'2020-07-30 10:07:32','2020-09-08 06:05:07',11),(21,1,'Mon','11:00','16:00',1,'2020-07-30 10:07:32','2020-09-15 02:32:09',11),(31,2,'Tue','11:00','16:00',1,'2020-07-30 10:07:32','2020-09-14 04:11:24',11),(41,3,'Wed','11:00','16:00',1,'2020-07-30 10:07:32','2020-09-15 02:34:05',11),(51,4,'Thu','11:00','16:00',1,'2020-07-30 10:07:32','2020-09-14 04:11:36',11),(61,5,'Fri','11:00','16:00',1,'2020-07-30 10:07:32','2020-09-14 04:11:40',11),(71,6,'Sat','11:00','16:00',1,'2020-07-30 10:07:32','2020-09-14 04:11:46',11),(81,0,'Sun','00:00','00:00',1,'2020-09-19 14:56:19','2020-09-19 14:56:19',21),(91,1,'Mon','00:00','00:00',1,'2020-09-19 14:56:19','2020-09-19 14:56:19',21),(101,2,'Tue','00:00','00:00',1,'2020-09-19 14:56:19','2020-09-19 14:56:19',21),(111,3,'Wed','00:00','00:00',1,'2020-09-19 14:56:19','2020-09-19 14:56:19',21),(121,4,'Thu','00:00','00:00',1,'2020-09-19 14:56:19','2020-09-19 14:56:19',21),(131,5,'Fri','00:00','00:00',1,'2020-09-19 14:56:19','2020-09-19 14:56:19',21),(141,6,'Sat','00:00','00:00',1,'2020-09-19 14:56:19','2020-09-19 14:56:19',21);
/*!40000 ALTER TABLE `schedules` ENABLE KEYS */;
UNLOCK TABLES;

--
-- Table structure for table `sequelizemeta`
--

DROP TABLE IF EXISTS `sequelizemeta`;
/*!40101 SET @saved_cs_client     = @@character_set_client */;
/*!50503 SET character_set_client = utf8mb4 */;
CREATE TABLE `sequelizemeta` (
  `name` varchar(255) COLLATE utf8_unicode_ci NOT NULL,
  PRIMARY KEY (`name`),
  UNIQUE KEY `name` (`name`)
) ENGINE=InnoDB DEFAULT CHARSET=utf8 COLLATE=utf8_unicode_ci;
/*!40101 SET character_set_client = @saved_cs_client */;

--
-- Dumping data for table `sequelizemeta`
--

LOCK TABLES `sequelizemeta` WRITE;
/*!40000 ALTER TABLE `sequelizemeta` DISABLE KEYS */;
INSERT INTO `sequelizemeta` VALUES ('20200402061554-create-user.js'),('20200402073745-create-refreshtoken.js'),('20200402170229-AddExpireTImeToRefreshTokens.js'),('20200626051445-AddImageUserTable.js'),('20200626233153-AddColumnsToUserTable.js'),('20200627054539-create-dentist.js'),('20200627055350-create-service.js'),('20200627055547-AddArchiveDentist.js'),('20200627162251-ADDServiceColumn.js'),('20200628014058-AddApprovedStatusUser.js'),('20200628044731-AddColumnsToUsersTable2.js'),('20200628145142-create-healthcard.js'),('20200629055604-AddAttrUsers.js'),('20200630004514-create-medicine.js'),('20200630010157-AddStockMedicine.js'),('20200630071955-create-transaction.js'),('20200630072800-create-treatment.js'),('20200630072946-create-action.js'),('20200630073111-create-prescription.js'),('20200630073212-create-prescriptitem.js'),('20200701024529-AddEndDateTransaction.js'),('20200701044631-AddActionTreatmentTOPrescription.js'),('20200701063132-AddDiagnosisActions.js'),('20200701073706-create-teeth.js'),('20200701074700-AddFlagTeeth.js'),('20200701133004-create-action-teeth.js'),('20200701145207-AddStartEndTimeActionTable.js'),('20200702083238-AddBillStatusTransaction.js'),('20200702153303-AddDosageDaysPrescriptionTable.js'),('20200703024908-ADDTypeTeethTransaction.js'),('20200703065222-AddMedicineID.js'),('20200704075335-create-reservation.js'),('20200705055419-create-resettoken.js'),('20200706053217-create-schedule.js'),('20200707014853-AddTransactionNoToReservation.js'),('20200708024810-create-notification.js'),('20200708025633-AddUrlNotification.js'),('20200710091212-ADDisAnnouncement.js'),('20200712060403-AddRemarksReservation.js'),('20200715094025-AddProductCodeMedicine.js'),('20200716040734-create-billing.js'),('20200716040858-create-billitem.js'),('20200716053745-AddPrescriptionIdBIllings.js'),('20200717002654-create-branch.js'),('20200717005850-AddArchiveBranch.js'),('20200717015642-AddBranchIDtoTables.js'),('20200717123901-AddTypeMedicine.js'),('20200719015442-AddServiceIdTreatmentTable.js'),('20200721034205-addactualamountTreatment.js'),('20200721044018-AddPaymentMethodTreatment.js'),('20200721081053-addChangeBiling.js'),('20200722024651-AddLicenceDentist.js'),('20200722031645-AddHealthcardInfo.js'),('20200722045958-create-feedback.js'),('20200723013701-AddTINBranches.js'),('20200723041604-AdddiscountTransction.js'),('20200724022730-addMedRemarksTransaction.js'),('20200724063241-AddGenderDentist.js'),('20200725024728-create-stockin.js'),('20200725024926-create-stockinitem.js'),('20200725025003-AddisPharmacyBilling.js'),('20200725030638-AdduomMedicines.js'),('20200725033106-AddBranchIdStocksin.js'),('20200725064108-AddisPharmacyStocksin.js'),('20200726015640-create-stockout.js'),('20200728021132-AddLimitStockMedicines.js'),('20200729130801-AddStartEndTransaction.js');
/*!40000 ALTER TABLE `sequelizemeta` ENABLE KEYS */;
UNLOCK TABLES;

--
-- Table structure for table `services`
--

DROP TABLE IF EXISTS `services`;
/*!40101 SET @saved_cs_client     = @@character_set_client */;
/*!50503 SET character_set_client = utf8mb4 */;
CREATE TABLE `services` (
  `id` int(11) NOT NULL AUTO_INCREMENT,
  `description` varchar(255) DEFAULT NULL,
  `regularPrice` float DEFAULT '0',
  `discountedPrice` float DEFAULT '0',
  `archive` int(11) DEFAULT '0',
  `createdAt` datetime NOT NULL,
  `updatedAt` datetime NOT NULL,
  `service` varchar(255) DEFAULT NULL,
  `branchId` int(11) DEFAULT NULL,
  `category` varchar(255) NOT NULL,
  PRIMARY KEY (`id`)
) ENGINE=InnoDB AUTO_INCREMENT=81 DEFAULT CHARSET=latin1;
/*!40101 SET character_set_client = @saved_cs_client */;

--
-- Dumping data for table `services`
--

LOCK TABLES `services` WRITE;
/*!40000 ALTER TABLE `services` DISABLE KEYS */;
INSERT INTO `services` VALUES (1,'Consultation only , Consultation and Examination , Consultation, Examination and Treatment Planning ',700,0,0,'2020-07-29 17:50:03','2020-07-29 18:00:06','Consultation',1,'Esthetic Dentistry'),(2,'per exposure',850,0,0,'2020-07-29 18:01:54','2020-09-17 21:34:35','Periapical Xray Analog',1,'Dental Roentology'),(3,'per exposure',1500,0,0,'2020-07-29 18:02:31','2020-09-17 21:34:42','Periapical Xray Digital',1,'Dental Roentology'),(4,'per exposure',850,0,0,'2020-07-29 18:03:13','2020-07-29 18:03:13','Bitewing Analog',1,'Esthetic Dentistry'),(5,'per exposure',1500,0,0,'2020-07-29 18:03:38','2020-07-29 18:03:38','Bitewing Digital',1,'Esthetic Dentistry'),(6,'per exposure',850,0,0,'2020-07-29 18:04:33','2020-07-29 18:04:33','Panoramic Analog',1,'Esthetic Dentistry'),(7,'per exposure',1500,0,0,'2020-07-29 18:04:55','2020-07-29 18:04:55','Panoramic Digital',1,'Esthetic Dentistry'),(8,'per exposure',850,0,0,'2020-07-29 18:06:48','2020-07-29 18:06:48','Cephalometric Analog',1,'Esthetic Dentistry'),(9,'per exposure',1500,0,0,'2020-07-29 18:07:20','2020-07-29 18:07:20','Cephalometric Digital',1,'Esthetic Dentistry'),(10,'per exposure',850,0,0,'2020-07-29 18:08:08','2020-07-29 18:08:08','Occlusal view Analog',1,'Esthetic Dentistry'),(11,'per exposure',1500,0,0,'2020-07-29 18:08:30','2020-07-29 18:08:30','Occlusal view Digital',1,'Esthetic Dentistry'),(12,'per exposure',16000,0,0,'2020-07-29 18:08:56','2020-07-29 18:08:56','CBCT',1,'Esthetic Dentistry'),(13,'Permanent Dentition / Primary Dentition',1000,0,0,'2020-07-29 18:23:58','2020-07-29 18:23:58','Tooth Extraction',1,'Esthetic Dentistry'),(14,'',700,0,1,'2020-07-29 18:24:30','2020-09-17 22:34:10','Additional extra monoroot / simple exo*',1,'Esthetic Dentistry'),(15,'Complicated Exo / Ankylosed',1850,0,0,'2020-07-29 18:25:44','2020-07-29 18:25:44','Minor Surgery',1,'Esthetic Dentistry'),(16,'Simple',10000,0,0,'2020-07-29 18:26:31','2020-07-29 18:27:35','Odontectomy - Simple',1,'Esthetic Dentistry'),(17,'',12000,0,0,'2020-07-29 18:28:36','2020-07-29 18:28:36','Odontectomy - Mesial/Distal Inclined',1,'Esthetic Dentistry'),(18,'',15000,0,0,'2020-07-29 18:35:28','2020-07-29 18:35:28','Odontectomy - 1/3 Crown Embedded to bone',1,'Esthetic Dentistry'),(19,'',18000,0,0,'2020-07-29 18:35:49','2020-07-29 18:35:49','Odontectomy - 2/3 Crown Embedded to bone',1,'Esthetic Dentistry'),(20,'',20000,0,0,'2020-07-29 18:36:53','2020-07-29 18:36:53','Odontectomy - Fully Embedded to bone',1,'Esthetic Dentistry'),(21,'',8000,0,0,'2020-07-29 18:37:19','2020-07-29 18:37:19','Apicoectomy',1,'Esthetic Dentistry'),(22,'',8000,0,0,'2020-07-29 18:37:41','2020-07-29 18:37:41','Frenectomy by Scalpel',1,'Esthetic Dentistry'),(23,'',15000,0,0,'2020-07-29 18:37:58','2020-07-29 18:37:58','Frenectomy by Laser',1,'Esthetic Dentistry'),(24,'8k above',8000,0,0,'2020-07-29 18:39:36','2020-07-29 18:40:01','Others ( Biopsy , Incision and Drainage , Alveolectomy , Epulis Fissuratum Removal , Enucleation , Marsupialization , Cyst Removal',1,'Esthetic Dentistry'),(25,'Per quadrant by scalpel',8000,0,0,'2020-07-29 18:48:28','2020-07-29 18:48:28','Gingivectomy',1,'Esthetic Dentistry'),(26,'Per quadrant by Laser',15000,0,0,'2020-07-29 18:48:58','2020-07-29 18:48:58','Gingivectomy',1,'Esthetic Dentistry'),(27,'',8000,0,0,'2020-07-29 18:49:32','2020-07-29 18:49:32','Apically Repositioned Flap',1,'Esthetic Dentistry'),(31,'Consultation only , Consultation and Examination , Consultation, Examination and Treatment Planning',800,0,0,'2020-08-01 16:58:23','2020-09-14 04:15:15','Consultation',11,'Esthetic Dentistry'),(41,'are devices used in orthodontics that align and straighten teeth and help position them with regard to a person\'s bite, while also aiming to improve dental health',25000,0,0,'2020-09-14 04:12:49','2020-09-14 04:14:40','Braces',1,'Esthetic Dentistry'),(51,'are devices used in orthodontics that align and straighten teeth and help position them with regard to a person\'s bite, while also aiming to improve dental health',27000,0,0,'2020-09-14 04:15:07','2020-09-14 04:15:07','Braces',11,'Esthetic Dentistry'),(61,'Removing damaged teeth',1600,0,0,'2020-09-14 04:15:49','2020-09-14 04:15:49','Tooth Extraction',11,'Esthetic Dentistry'),(71,'test',0,0,1,'2020-09-17 21:39:59','2020-09-17 22:53:57','test',1,'Oral Surgery');
/*!40000 ALTER TABLE `services` ENABLE KEYS */;
UNLOCK TABLES;

--
-- Table structure for table `stockinitems`
--

DROP TABLE IF EXISTS `stockinitems`;
/*!40101 SET @saved_cs_client     = @@character_set_client */;
/*!50503 SET character_set_client = utf8mb4 */;
CREATE TABLE `stockinitems` (
  `id` int(11) NOT NULL AUTO_INCREMENT,
  `stockinId` int(11) DEFAULT NULL,
  `medicineId` int(11) DEFAULT NULL,
  `medicine` varchar(255) DEFAULT NULL,
  `qty` float DEFAULT '0',
  `uom` varchar(255) DEFAULT NULL,
  `createdAt` datetime NOT NULL,
  `updatedAt` datetime NOT NULL,
  `ExpirationDate` date DEFAULT NULL,
  PRIMARY KEY (`id`)
) ENGINE=InnoDB AUTO_INCREMENT=201 DEFAULT CHARSET=latin1;
/*!40101 SET character_set_client = @saved_cs_client */;

--
-- Dumping data for table `stockinitems`
--

LOCK TABLES `stockinitems` WRITE;
/*!40000 ALTER TABLE `stockinitems` DISABLE KEYS */;
INSERT INTO `stockinitems` VALUES (1,1,1,'Item 1',20,'pcs','2020-07-30 11:37:17','2020-07-30 11:37:17',NULL),(2,2,2,'Item 2',20,'pcs','2020-07-30 11:38:03','2020-07-30 11:38:03',NULL),(11,11,2,'Item 2',10,'pcs','2020-08-01 08:17:31','2020-08-01 08:17:31',NULL),(21,21,1,'Item 1',10,'pcs','2020-08-01 08:18:21','2020-08-01 08:18:21',NULL),(31,31,2,'Item 2',20,'pcs','2020-08-05 14:39:10','2020-08-05 14:39:10',NULL),(41,41,11,'Antibiotic',100,'pcs','2020-08-08 16:10:30','2020-08-08 16:10:30',NULL),(51,51,21,'penicilin',50,'mg','2020-08-16 10:08:58','2020-08-16 10:08:58',NULL),(61,61,31,'Anesthesia',25,'ml','2020-08-17 03:50:02','2020-08-17 03:50:02',NULL),(71,71,41,'mefenamic',25,'mg','2020-08-17 03:51:50','2020-08-17 03:51:50',NULL),(81,81,41,'mefenamic',20,'mg','2020-08-17 03:52:35','2020-08-17 03:52:35',NULL),(91,91,51,'Anesthesia',30,'ml','2020-09-02 02:40:57','2020-09-02 02:40:57',NULL),(101,91,1,'Item 1',10,'pcs','2020-09-02 02:40:57','2020-09-02 02:40:57',NULL),(111,101,1,'pasta ( shdfh )',10,'pcs','2020-09-03 09:13:20','2020-09-03 09:13:20','2020-10-24'),(121,111,11,'Antibiotic ( ritemed )',20,'pcs','2020-09-08 06:03:57','2020-09-08 06:03:57','2020-09-30'),(131,121,21,'Penicilin ( ritemed )',20,'mg','2020-09-10 09:16:53','2020-09-10 09:16:53','2020-09-10'),(141,131,81,'Pasta ( ritemed )',1500,'g','2020-09-13 09:53:45','2020-09-13 09:53:45','2020-09-30'),(151,141,131,'Mefenamic ( generika )',40,'mg','2020-09-14 04:18:32','2020-09-14 04:18:32','2020-09-30'),(161,151,151,'Mefenamic ( ritemed )',10,'mg','2020-09-14 04:23:04','2020-09-14 04:23:04','2020-09-30'),(171,161,161,'Mefenamic ( mercury drug )',10,'mg','2020-09-14 04:25:59','2020-09-14 04:25:59','2020-09-30'),(181,171,131,'Mefenamic ( generika )',1,'mg','2020-09-14 14:22:58','2020-09-14 14:22:58','2023-06-14'),(191,181,101,'Treat Oral and Dental Conditions ( Orajel )',30,'1','2020-09-15 04:24:11','2020-09-15 04:24:11','2023-06-15');
/*!40000 ALTER TABLE `stockinitems` ENABLE KEYS */;
UNLOCK TABLES;

--
-- Table structure for table `stockins`
--

DROP TABLE IF EXISTS `stockins`;
/*!40101 SET @saved_cs_client     = @@character_set_client */;
/*!50503 SET character_set_client = utf8mb4 */;
CREATE TABLE `stockins` (
  `id` int(11) NOT NULL AUTO_INCREMENT,
  `date` date DEFAULT NULL,
  `refno` varchar(255) DEFAULT NULL,
  `manufacturer` varchar(255) DEFAULT NULL,
  `manufactureRefno` varchar(255) DEFAULT NULL,
  `invoiceRefno` varchar(255) DEFAULT NULL,
  `archive` int(11) DEFAULT '0',
  `createdAt` datetime NOT NULL,
  `updatedAt` datetime NOT NULL,
  `branchId` int(11) DEFAULT NULL,
  `isPharmacy` int(11) DEFAULT '0',
  PRIMARY KEY (`id`)
) ENGINE=InnoDB AUTO_INCREMENT=191 DEFAULT CHARSET=latin1;
/*!40101 SET character_set_client = @saved_cs_client */;

--
-- Dumping data for table `stockins`
--

LOCK TABLES `stockins` WRITE;
/*!40000 ALTER TABLE `stockins` DISABLE KEYS */;
INSERT INTO `stockins` VALUES (1,'2020-07-30','SI202000000000001','',NULL,'',0,'2020-07-30 11:37:17','2020-07-30 11:37:17',1,0),(2,'2020-07-30','SI202000000000002','',NULL,'',0,'2020-07-30 11:38:03','2020-07-30 11:38:03',1,0),(11,'2020-08-01','SI202000000000011','Rhea Generics',NULL,'046512152',0,'2020-08-01 08:17:31','2020-08-01 08:17:31',1,0),(21,'2020-08-01','SI202000000000021','Mercury Drug',NULL,'054165212',0,'2020-08-01 08:18:21','2020-08-01 08:18:21',1,0),(31,'2020-08-05','SI202000000000031','Mercury Drugz',NULL,'7451205432',0,'2020-08-05 14:39:10','2020-08-05 14:39:10',1,0),(41,'2020-08-09','SI202000000000041','',NULL,'',0,'2020-08-08 16:10:30','2020-08-08 16:10:30',1,1),(51,'2020-08-16','SI202000000000051','',NULL,'',0,'2020-08-16 10:08:58','2020-08-16 10:08:58',1,1),(61,'2020-08-17','SI202000000000061','watson',NULL,'safadgsa',0,'2020-08-17 03:50:02','2020-08-17 03:50:02',11,0),(71,'2020-08-17','SI202000000000071','ahfskjahfk',NULL,'64506453',0,'2020-08-17 03:51:50','2020-08-17 03:51:50',11,1),(81,'2020-08-17','SI202000000000081','safasfa',NULL,'645465',0,'2020-08-17 03:52:35','2020-08-17 03:52:35',11,1),(91,'2020-09-02','SI202000000000091','rhea generics',NULL,'412046312',0,'2020-09-02 02:40:57','2020-09-02 02:40:57',1,0),(101,'2020-09-03','SI202000000000101','',NULL,'',0,'2020-09-03 09:13:20','2020-09-03 09:13:20',1,0),(111,'2020-09-08','SI202000000000111','Mercury',NULL,'64532414851',0,'2020-09-08 06:03:57','2020-09-08 06:03:57',1,1),(121,'2020-09-10','SI202000000000121','Rhea generics',NULL,'468515641',0,'2020-09-10 09:16:53','2020-09-10 09:16:53',1,1),(131,'2020-09-13','SI202000000000131','qwertyu',NULL,'6874312643',0,'2020-09-13 09:53:45','2020-09-13 09:53:45',11,0),(141,'2020-09-14','SI202000000000141','watson',NULL,'54264532',0,'2020-09-14 04:18:31','2020-09-14 04:18:31',1,1),(151,'2020-09-14','SI202000000000151','asdfghj',NULL,'4563412652',0,'2020-09-14 04:23:04','2020-09-14 04:23:04',1,1),(161,'2020-09-14','SI202000000000161','poiuytr',NULL,'463523',0,'2020-09-14 04:25:59','2020-09-14 04:25:59',11,1),(171,'2020-09-14','SI202000000000171','watsons',NULL,'12787',0,'2020-09-14 14:22:58','2020-09-14 14:22:58',1,1),(181,'2020-09-15','SI202000000000181','jhgkl',NULL,'6647',0,'2020-09-15 04:24:11','2020-09-15 04:24:11',1,0);
/*!40000 ALTER TABLE `stockins` ENABLE KEYS */;
UNLOCK TABLES;

--
-- Table structure for table `stockouts`
--

DROP TABLE IF EXISTS `stockouts`;
/*!40101 SET @saved_cs_client     = @@character_set_client */;
/*!50503 SET character_set_client = utf8mb4 */;
CREATE TABLE `stockouts` (
  `id` int(11) NOT NULL AUTO_INCREMENT,
  `actionId` int(11) DEFAULT NULL,
  `transactionId` int(11) DEFAULT NULL,
  `branchId` int(11) DEFAULT NULL,
  `medicineId` int(11) DEFAULT NULL,
  `qty` float DEFAULT NULL,
  `archive` int(11) DEFAULT '0',
  `createdAt` datetime NOT NULL,
  `updatedAt` datetime NOT NULL,
  PRIMARY KEY (`id`)
) ENGINE=InnoDB AUTO_INCREMENT=111 DEFAULT CHARSET=latin1;
/*!40101 SET character_set_client = @saved_cs_client */;

--
-- Dumping data for table `stockouts`
--

LOCK TABLES `stockouts` WRITE;
/*!40000 ALTER TABLE `stockouts` DISABLE KEYS */;
INSERT INTO `stockouts` VALUES (1,1,31,NULL,1,2,0,'2020-08-01 07:26:27','2020-08-01 07:26:27'),(11,11,41,NULL,2,10,0,'2020-08-01 07:41:31','2020-08-01 07:41:31'),(21,31,81,NULL,2,10,0,'2020-08-05 14:31:09','2020-08-05 14:31:09'),(31,81,171,NULL,2,2,0,'2020-08-24 03:22:31','2020-08-24 03:22:31'),(41,91,171,NULL,2,5,0,'2020-08-24 03:23:24','2020-08-24 03:23:24'),(51,101,181,NULL,2,4,0,'2020-08-24 06:45:42','2020-08-24 06:45:42'),(61,101,181,NULL,1,5,0,'2020-08-24 06:45:42','2020-08-24 06:45:42'),(71,121,191,NULL,1,10,0,'2020-08-30 03:11:56','2020-08-30 03:11:56'),(81,211,251,NULL,51,1,0,'2020-09-08 03:32:37','2020-09-08 03:32:37'),(91,221,261,NULL,1,10,0,'2020-09-08 05:41:22','2020-09-08 05:41:22'),(101,291,331,NULL,51,10,0,'2020-09-15 05:06:55','2020-09-15 05:06:55');
/*!40000 ALTER TABLE `stockouts` ENABLE KEYS */;
UNLOCK TABLES;

--
-- Table structure for table `teeth`
--

DROP TABLE IF EXISTS `teeth`;
/*!40101 SET @saved_cs_client     = @@character_set_client */;
/*!50503 SET character_set_client = utf8mb4 */;
CREATE TABLE `teeth` (
  `id` int(11) NOT NULL AUTO_INCREMENT,
  `userId` int(11) DEFAULT NULL,
  `orderNo` int(11) DEFAULT NULL,
  `createdAt` datetime NOT NULL,
  `updatedAt` datetime NOT NULL,
  `flag` int(11) DEFAULT '0',
  PRIMARY KEY (`id`)
) ENGINE=InnoDB AUTO_INCREMENT=7491 DEFAULT CHARSET=latin1;
/*!40101 SET character_set_client = @saved_cs_client */;

--
-- Dumping data for table `teeth`
--

LOCK TABLES `teeth` WRITE;
/*!40000 ALTER TABLE `teeth` DISABLE KEYS */;
INSERT INTO `teeth` VALUES (1,59,1,'2020-07-29 19:24:49','2020-07-29 19:24:49',0),(2,59,2,'2020-07-29 19:24:49','2020-07-29 19:24:49',0),(3,59,3,'2020-07-29 19:24:49','2020-07-29 19:24:49',0),(4,59,4,'2020-07-29 19:24:49','2020-07-29 19:24:49',0),(5,59,5,'2020-07-29 19:24:49','2020-07-29 19:24:49',0),(6,59,6,'2020-07-29 19:24:49','2020-07-29 19:24:49',0),(7,59,7,'2020-07-29 19:24:49','2020-07-29 19:24:49',0),(8,59,8,'2020-07-29 19:24:49','2020-07-29 19:24:49',0),(9,59,9,'2020-07-29 19:24:49','2020-07-29 19:24:49',0),(10,59,10,'2020-07-29 19:24:49','2020-07-29 19:24:49',0),(11,59,11,'2020-07-29 19:24:49','2020-07-29 19:24:49',0),(12,59,12,'2020-07-29 19:24:49','2020-07-29 19:24:49',0),(13,59,13,'2020-07-29 19:24:49','2020-07-29 19:24:49',0),(14,59,14,'2020-07-29 19:24:49','2020-07-29 19:24:49',0),(15,59,15,'2020-07-29 19:24:49','2020-07-29 19:24:49',0),(16,59,16,'2020-07-29 19:24:49','2020-07-29 19:24:49',0),(17,59,1,'2020-07-29 19:24:49','2020-07-29 19:24:49',1),(18,59,2,'2020-07-29 19:24:49','2020-07-29 19:24:49',1),(19,59,3,'2020-07-29 19:24:49','2020-07-29 19:24:49',1),(20,59,4,'2020-07-29 19:24:49','2020-07-29 19:24:49',1),(21,59,5,'2020-07-29 19:24:49','2020-07-29 19:24:49',1),(22,59,6,'2020-07-29 19:24:49','2020-07-29 19:24:49',1),(23,59,7,'2020-07-29 19:24:49','2020-07-29 19:24:49',1),(24,59,8,'2020-07-29 19:24:49','2020-07-29 19:24:49',1),(25,59,9,'2020-07-29 19:24:49','2020-07-29 19:24:49',1),(26,59,10,'2020-07-29 19:24:49','2020-07-29 19:24:49',1),(27,59,11,'2020-07-29 19:24:49','2020-07-29 19:24:49',1),(28,59,12,'2020-07-29 19:24:49','2020-07-29 19:24:49',1),(29,59,13,'2020-07-29 19:24:49','2020-07-29 19:24:49',1),(30,59,14,'2020-07-29 19:24:49','2020-07-29 19:24:49',1),(31,59,15,'2020-07-29 19:24:49','2020-07-29 19:24:49',1),(32,59,16,'2020-07-29 19:24:49','2020-07-29 19:24:49',1),(33,60,1,'2020-07-29 19:43:21','2020-07-29 19:43:21',0),(34,60,2,'2020-07-29 19:43:21','2020-07-29 19:43:21',0),(35,60,3,'2020-07-29 19:43:21','2020-07-29 19:43:21',0),(36,60,4,'2020-07-29 19:43:21','2020-07-29 19:43:21',0),(37,60,5,'2020-07-29 19:43:21','2020-07-29 19:43:21',0),(38,60,6,'2020-07-29 19:43:21','2020-07-29 19:43:21',0),(39,60,7,'2020-07-29 19:43:21','2020-07-29 19:43:21',0),(40,60,8,'2020-07-29 19:43:21','2020-07-29 19:43:21',0),(41,60,9,'2020-07-29 19:43:21','2020-07-29 19:43:21',0),(42,60,10,'2020-07-29 19:43:21','2020-07-29 19:43:21',0),(43,60,11,'2020-07-29 19:43:21','2020-07-29 19:43:21',0),(44,60,12,'2020-07-29 19:43:21','2020-07-29 19:43:21',0),(45,60,13,'2020-07-29 19:43:21','2020-07-29 19:43:21',0),(46,60,14,'2020-07-29 19:43:21','2020-07-29 19:43:21',0),(47,60,15,'2020-07-29 19:43:21','2020-07-29 19:43:21',0),(48,60,16,'2020-07-29 19:43:21','2020-07-29 19:43:21',0),(49,60,1,'2020-07-29 19:43:21','2020-07-29 19:43:21',1),(50,60,2,'2020-07-29 19:43:21','2020-07-29 19:43:21',1),(51,60,3,'2020-07-29 19:43:21','2020-07-29 19:43:21',1),(52,60,4,'2020-07-29 19:43:21','2020-07-29 19:43:21',1),(53,60,5,'2020-07-29 19:43:21','2020-07-29 19:43:21',1),(54,60,6,'2020-07-29 19:43:21','2020-07-29 19:43:21',1),(55,60,7,'2020-07-29 19:43:21','2020-07-29 19:43:21',1),(56,60,8,'2020-07-29 19:43:21','2020-07-29 19:43:21',1),(57,60,9,'2020-07-29 19:43:21','2020-07-29 19:43:21',1),(58,60,10,'2020-07-29 19:43:21','2020-07-29 19:43:21',1),(59,60,11,'2020-07-29 19:43:21','2020-07-29 19:43:21',1),(60,60,12,'2020-07-29 19:43:21','2020-07-29 19:43:21',1),(61,60,13,'2020-07-29 19:43:21','2020-07-29 19:43:21',1),(62,60,14,'2020-07-29 19:43:21','2020-07-29 19:43:21',1),(63,60,15,'2020-07-29 19:43:21','2020-07-29 19:43:21',1),(64,60,16,'2020-07-29 19:43:21','2020-07-29 19:43:21',1),(97,62,1,'2020-07-29 19:45:40','2020-07-29 19:45:40',0),(98,62,2,'2020-07-29 19:45:40','2020-07-29 19:45:40',0),(99,62,3,'2020-07-29 19:45:40','2020-07-29 19:45:40',0),(100,62,4,'2020-07-29 19:45:40','2020-07-29 19:45:40',0),(101,62,5,'2020-07-29 19:45:40','2020-07-29 19:45:40',0),(102,62,6,'2020-07-29 19:45:40','2020-07-29 19:45:40',0),(103,62,7,'2020-07-29 19:45:40','2020-07-29 19:45:40',0),(104,62,8,'2020-07-29 19:45:40','2020-07-29 19:45:40',0),(105,62,9,'2020-07-29 19:45:40','2020-07-29 19:45:40',0),(106,62,10,'2020-07-29 19:45:40','2020-07-29 19:45:40',0),(107,62,11,'2020-07-29 19:45:40','2020-07-29 19:45:40',0),(108,62,12,'2020-07-29 19:45:40','2020-07-29 19:45:40',0),(109,62,13,'2020-07-29 19:45:40','2020-07-29 19:45:40',0),(110,62,14,'2020-07-29 19:45:40','2020-07-29 19:45:40',0),(111,62,15,'2020-07-29 19:45:40','2020-07-29 19:45:40',0),(112,62,16,'2020-07-29 19:45:40','2020-07-29 19:45:40',0),(113,62,1,'2020-07-29 19:45:40','2020-07-29 19:45:40',1),(114,62,2,'2020-07-29 19:45:40','2020-07-29 19:45:40',1),(115,62,3,'2020-07-29 19:45:40','2020-07-29 19:45:40',1),(116,62,4,'2020-07-29 19:45:40','2020-07-29 19:45:40',1),(117,62,5,'2020-07-29 19:45:40','2020-07-29 19:45:40',1),(118,62,6,'2020-07-29 19:45:40','2020-07-29 19:45:40',1),(119,62,7,'2020-07-29 19:45:40','2020-07-29 19:45:40',1),(120,62,8,'2020-07-29 19:45:40','2020-07-29 19:45:40',1),(121,62,9,'2020-07-29 19:45:40','2020-07-29 19:45:40',1),(122,62,10,'2020-07-29 19:45:40','2020-07-29 19:45:40',1),(123,62,11,'2020-07-29 19:45:40','2020-07-29 19:45:40',1),(124,62,12,'2020-07-29 19:45:40','2020-07-29 19:45:40',1),(125,62,13,'2020-07-29 19:45:40','2020-07-29 19:45:40',1),(126,62,14,'2020-07-29 19:45:40','2020-07-29 19:45:40',1),(127,62,15,'2020-07-29 19:45:40','2020-07-29 19:45:40',1),(128,62,16,'2020-07-29 19:45:40','2020-07-29 19:45:40',1),(131,71,1,'2020-07-30 05:50:35','2020-07-30 05:50:35',0),(141,71,2,'2020-07-30 05:50:35','2020-07-30 05:50:35',0),(151,71,3,'2020-07-30 05:50:35','2020-07-30 05:50:35',0),(161,71,4,'2020-07-30 05:50:35','2020-07-30 05:50:35',0),(171,71,5,'2020-07-30 05:50:35','2020-07-30 05:50:35',0),(181,71,6,'2020-07-30 05:50:35','2020-07-30 05:50:35',0),(191,71,7,'2020-07-30 05:50:35','2020-07-30 05:50:35',0),(201,71,8,'2020-07-30 05:50:35','2020-07-30 05:50:35',0),(211,71,9,'2020-07-30 05:50:35','2020-07-30 05:50:35',0),(221,71,10,'2020-07-30 05:50:35','2020-07-30 05:50:35',0),(231,71,11,'2020-07-30 05:50:35','2020-07-30 05:50:35',0),(241,71,12,'2020-07-30 05:50:35','2020-07-30 05:50:35',0),(251,71,13,'2020-07-30 05:50:35','2020-07-30 05:50:35',0),(261,71,14,'2020-07-30 05:50:35','2020-07-30 05:50:35',0),(271,71,15,'2020-07-30 05:50:35','2020-07-30 05:50:35',0),(281,71,16,'2020-07-30 05:50:35','2020-07-30 05:50:35',0),(291,71,1,'2020-07-30 05:50:35','2020-07-30 05:50:35',1),(301,71,2,'2020-07-30 05:50:35','2020-07-30 05:50:35',1),(311,71,3,'2020-07-30 05:50:35','2020-07-30 05:50:35',1),(321,71,4,'2020-07-30 05:50:35','2020-07-30 05:50:35',1),(331,71,5,'2020-07-30 05:50:35','2020-07-30 05:50:35',1),(341,71,6,'2020-07-30 05:50:35','2020-07-30 05:50:35',1),(351,71,7,'2020-07-30 05:50:35','2020-07-30 05:50:35',1),(361,71,8,'2020-07-30 05:50:35','2020-07-30 05:50:35',1),(371,71,9,'2020-07-30 05:50:35','2020-07-30 05:50:35',1),(381,71,10,'2020-07-30 05:50:35','2020-07-30 05:50:35',1),(391,71,11,'2020-07-30 05:50:35','2020-07-30 05:50:35',1),(401,71,12,'2020-07-30 05:50:35','2020-07-30 05:50:35',1),(411,71,13,'2020-07-30 05:50:35','2020-07-30 05:50:35',1),(421,71,14,'2020-07-30 05:50:35','2020-07-30 05:50:35',1),(431,71,15,'2020-07-30 05:50:35','2020-07-30 05:50:35',1),(441,71,16,'2020-07-30 05:50:35','2020-07-30 05:50:35',1),(451,91,1,'2020-07-30 08:59:18','2020-07-30 08:59:18',0),(461,91,2,'2020-07-30 08:59:18','2020-07-30 08:59:18',0),(471,91,3,'2020-07-30 08:59:18','2020-07-30 08:59:18',0),(481,91,4,'2020-07-30 08:59:18','2020-07-30 08:59:18',0),(491,91,5,'2020-07-30 08:59:18','2020-07-30 08:59:18',0),(501,91,6,'2020-07-30 08:59:18','2020-07-30 08:59:18',0),(511,91,7,'2020-07-30 08:59:18','2020-07-30 08:59:18',0),(521,91,8,'2020-07-30 08:59:18','2020-07-30 08:59:18',0),(531,91,9,'2020-07-30 08:59:18','2020-07-30 08:59:18',0),(541,91,10,'2020-07-30 08:59:18','2020-07-30 08:59:18',0),(551,91,11,'2020-07-30 08:59:18','2020-07-30 08:59:18',0),(561,91,12,'2020-07-30 08:59:18','2020-07-30 08:59:18',0),(571,91,13,'2020-07-30 08:59:18','2020-07-30 08:59:18',0),(581,91,14,'2020-07-30 08:59:18','2020-07-30 08:59:18',0),(591,91,15,'2020-07-30 08:59:18','2020-07-30 08:59:18',0),(601,91,16,'2020-07-30 08:59:18','2020-07-30 08:59:18',0),(611,91,1,'2020-07-30 08:59:18','2020-07-30 08:59:18',1),(621,91,2,'2020-07-30 08:59:18','2020-07-30 08:59:18',1),(631,91,3,'2020-07-30 08:59:18','2020-07-30 08:59:18',1),(641,91,4,'2020-07-30 08:59:18','2020-07-30 08:59:18',1),(651,91,5,'2020-07-30 08:59:18','2020-07-30 08:59:18',1),(661,91,6,'2020-07-30 08:59:18','2020-07-30 08:59:18',1),(671,91,7,'2020-07-30 08:59:18','2020-07-30 08:59:18',1),(681,91,8,'2020-07-30 08:59:18','2020-07-30 08:59:18',1),(691,91,9,'2020-07-30 08:59:18','2020-07-30 08:59:18',1),(701,91,10,'2020-07-30 08:59:18','2020-07-30 08:59:18',1),(711,91,11,'2020-07-30 08:59:18','2020-07-30 08:59:18',1),(721,91,12,'2020-07-30 08:59:18','2020-07-30 08:59:18',1),(731,91,13,'2020-07-30 08:59:18','2020-07-30 08:59:18',1),(741,91,14,'2020-07-30 08:59:18','2020-07-30 08:59:18',1),(751,91,15,'2020-07-30 08:59:18','2020-07-30 08:59:18',1),(761,91,16,'2020-07-30 08:59:18','2020-07-30 08:59:18',1),(771,101,1,'2020-07-30 09:06:49','2020-07-30 09:06:49',0),(781,101,2,'2020-07-30 09:06:49','2020-07-30 09:06:49',0),(791,101,3,'2020-07-30 09:06:49','2020-07-30 09:06:49',0),(801,101,4,'2020-07-30 09:06:49','2020-07-30 09:06:49',0),(811,101,5,'2020-07-30 09:06:49','2020-07-30 09:06:49',0),(821,101,6,'2020-07-30 09:06:49','2020-07-30 09:06:49',0),(831,101,7,'2020-07-30 09:06:49','2020-07-30 09:06:49',0),(841,101,8,'2020-07-30 09:06:49','2020-07-30 09:06:49',0),(851,101,9,'2020-07-30 09:06:49','2020-07-30 09:06:49',0),(861,101,10,'2020-07-30 09:06:49','2020-07-30 09:06:49',0),(871,101,11,'2020-07-30 09:06:49','2020-07-30 09:06:49',0),(881,101,12,'2020-07-30 09:06:49','2020-07-30 09:06:49',0),(891,101,13,'2020-07-30 09:06:49','2020-07-30 09:06:49',0),(901,101,14,'2020-07-30 09:06:49','2020-07-30 09:06:49',0),(911,101,15,'2020-07-30 09:06:49','2020-07-30 09:06:49',0),(921,101,16,'2020-07-30 09:06:49','2020-07-30 09:06:49',0),(931,101,1,'2020-07-30 09:06:49','2020-07-30 09:06:49',1),(941,101,2,'2020-07-30 09:06:49','2020-07-30 09:06:49',1),(951,101,3,'2020-07-30 09:06:49','2020-07-30 09:06:49',1),(961,101,4,'2020-07-30 09:06:49','2020-07-30 09:06:49',1),(971,101,5,'2020-07-30 09:06:49','2020-07-30 09:06:49',1),(981,101,6,'2020-07-30 09:06:49','2020-07-30 09:06:49',1),(991,101,7,'2020-07-30 09:06:49','2020-07-30 09:06:49',1),(1001,101,8,'2020-07-30 09:06:49','2020-07-30 09:06:49',1),(1011,101,9,'2020-07-30 09:06:49','2020-07-30 09:06:49',1),(1021,101,10,'2020-07-30 09:06:49','2020-07-30 09:06:49',1),(1031,101,11,'2020-07-30 09:06:49','2020-07-30 09:06:49',1),(1041,101,12,'2020-07-30 09:06:49','2020-07-30 09:06:49',1),(1051,101,13,'2020-07-30 09:06:49','2020-07-30 09:06:49',1),(1061,101,14,'2020-07-30 09:06:49','2020-07-30 09:06:49',1),(1071,101,15,'2020-07-30 09:06:49','2020-07-30 09:06:49',1),(1081,101,16,'2020-07-30 09:06:49','2020-07-30 09:06:49',1),(1091,111,1,'2020-07-30 09:06:49','2020-07-30 09:06:49',0),(1101,111,2,'2020-07-30 09:06:49','2020-07-30 09:06:49',0),(1111,111,3,'2020-07-30 09:06:49','2020-07-30 09:06:49',0),(1121,111,4,'2020-07-30 09:06:49','2020-07-30 09:06:49',0),(1131,111,5,'2020-07-30 09:06:49','2020-07-30 09:06:49',0),(1141,111,6,'2020-07-30 09:06:49','2020-07-30 09:06:49',0),(1151,111,7,'2020-07-30 09:06:49','2020-07-30 09:06:49',0),(1161,111,8,'2020-07-30 09:06:49','2020-07-30 09:06:49',0),(1171,111,9,'2020-07-30 09:06:49','2020-07-30 09:06:49',0),(1181,111,10,'2020-07-30 09:06:49','2020-07-30 09:06:49',0),(1191,111,11,'2020-07-30 09:06:49','2020-07-30 09:06:49',0),(1201,111,12,'2020-07-30 09:06:49','2020-07-30 09:06:49',0),(1211,111,13,'2020-07-30 09:06:49','2020-07-30 09:06:49',0),(1221,111,14,'2020-07-30 09:06:49','2020-07-30 09:06:49',0),(1231,111,15,'2020-07-30 09:06:49','2020-07-30 09:06:49',0),(1241,111,16,'2020-07-30 09:06:49','2020-07-30 09:06:49',0),(1251,111,1,'2020-07-30 09:06:49','2020-07-30 09:06:49',1),(1261,111,2,'2020-07-30 09:06:49','2020-07-30 09:06:49',1),(1271,111,3,'2020-07-30 09:06:49','2020-07-30 09:06:49',1),(1281,111,4,'2020-07-30 09:06:49','2020-07-30 09:06:49',1),(1291,111,5,'2020-07-30 09:06:49','2020-07-30 09:06:49',1),(1301,111,6,'2020-07-30 09:06:49','2020-07-30 09:06:49',1),(1311,111,7,'2020-07-30 09:06:49','2020-07-30 09:06:49',1),(1321,111,8,'2020-07-30 09:06:49','2020-07-30 09:06:49',1),(1331,111,9,'2020-07-30 09:06:49','2020-07-30 09:06:49',1),(1341,111,10,'2020-07-30 09:06:49','2020-07-30 09:06:49',1),(1351,111,11,'2020-07-30 09:06:49','2020-07-30 09:06:49',1),(1361,111,12,'2020-07-30 09:06:49','2020-07-30 09:06:49',1),(1371,111,13,'2020-07-30 09:06:49','2020-07-30 09:06:49',1),(1381,111,14,'2020-07-30 09:06:49','2020-07-30 09:06:49',1),(1391,111,15,'2020-07-30 09:06:49','2020-07-30 09:06:49',1),(1401,111,16,'2020-07-30 09:06:49','2020-07-30 09:06:49',1),(1411,121,1,'2020-07-30 10:28:01','2020-07-30 10:28:01',0),(1421,121,2,'2020-07-30 10:28:01','2020-07-30 10:28:01',0),(1431,121,3,'2020-07-30 10:28:01','2020-07-30 10:28:01',0),(1441,121,4,'2020-07-30 10:28:01','2020-07-30 10:28:01',0),(1451,121,5,'2020-07-30 10:28:01','2020-07-30 10:28:01',0),(1461,121,6,'2020-07-30 10:28:01','2020-07-30 10:28:01',0),(1471,121,7,'2020-07-30 10:28:01','2020-07-30 10:28:01',0),(1481,121,8,'2020-07-30 10:28:01','2020-07-30 10:28:01',0),(1491,121,9,'2020-07-30 10:28:01','2020-07-30 10:28:01',0),(1501,121,10,'2020-07-30 10:28:01','2020-07-30 10:28:01',0),(1511,121,11,'2020-07-30 10:28:01','2020-07-30 10:28:01',0),(1521,121,12,'2020-07-30 10:28:01','2020-07-30 10:28:01',0),(1531,121,13,'2020-07-30 10:28:01','2020-07-30 10:28:01',0),(1541,121,14,'2020-07-30 10:28:01','2020-07-30 10:28:01',0),(1551,121,15,'2020-07-30 10:28:01','2020-07-30 10:28:01',0),(1561,121,16,'2020-07-30 10:28:01','2020-07-30 10:28:01',0),(1571,121,1,'2020-07-30 10:28:01','2020-07-30 10:28:01',1),(1581,121,2,'2020-07-30 10:28:01','2020-07-30 10:28:01',1),(1591,121,3,'2020-07-30 10:28:01','2020-07-30 10:28:01',1),(1601,121,4,'2020-07-30 10:28:01','2020-07-30 10:28:01',1),(1611,121,5,'2020-07-30 10:28:01','2020-07-30 10:28:01',1),(1621,121,6,'2020-07-30 10:28:01','2020-07-30 10:28:01',1),(1631,121,7,'2020-07-30 10:28:01','2020-07-30 10:28:01',1),(1641,121,8,'2020-07-30 10:28:01','2020-07-30 10:28:01',1),(1651,121,9,'2020-07-30 10:28:01','2020-07-30 10:28:01',1),(1661,121,10,'2020-07-30 10:28:01','2020-07-30 10:28:01',1),(1671,121,11,'2020-07-30 10:28:01','2020-07-30 10:28:01',1),(1681,121,12,'2020-07-30 10:28:01','2020-07-30 10:28:01',1),(1691,121,13,'2020-07-30 10:28:01','2020-07-30 10:28:01',1),(1701,121,14,'2020-07-30 10:28:01','2020-07-30 10:28:01',1),(1711,121,15,'2020-07-30 10:28:01','2020-07-30 10:28:01',1),(1721,121,16,'2020-07-30 10:28:01','2020-07-30 10:28:01',1),(1731,151,1,'2020-08-02 00:54:33','2020-08-02 00:54:33',0),(1741,151,2,'2020-08-02 00:54:33','2020-08-02 00:54:33',0),(1751,151,3,'2020-08-02 00:54:33','2020-08-02 00:54:33',0),(1761,151,4,'2020-08-02 00:54:33','2020-08-02 00:54:33',0),(1771,151,5,'2020-08-02 00:54:33','2020-08-02 00:54:33',0),(1781,151,6,'2020-08-02 00:54:33','2020-08-02 00:54:33',0),(1791,151,7,'2020-08-02 00:54:33','2020-08-02 00:54:33',0),(1801,151,8,'2020-08-02 00:54:33','2020-08-02 00:54:33',0),(1811,151,9,'2020-08-02 00:54:33','2020-08-02 00:54:33',0),(1821,151,10,'2020-08-02 00:54:33','2020-08-02 00:54:33',0),(1831,151,11,'2020-08-02 00:54:33','2020-08-02 00:54:33',0),(1841,151,12,'2020-08-02 00:54:33','2020-08-02 00:54:33',0),(1851,151,13,'2020-08-02 00:54:33','2020-08-02 00:54:33',0),(1861,151,14,'2020-08-02 00:54:33','2020-08-02 00:54:33',0),(1871,151,15,'2020-08-02 00:54:33','2020-08-02 00:54:33',0),(1881,151,16,'2020-08-02 00:54:33','2020-08-02 00:54:33',0),(1891,151,1,'2020-08-02 00:54:33','2020-08-02 00:54:33',1),(1901,151,2,'2020-08-02 00:54:33','2020-08-02 00:54:33',1),(1911,151,3,'2020-08-02 00:54:33','2020-08-02 00:54:33',1),(1921,151,4,'2020-08-02 00:54:33','2020-08-02 00:54:33',1),(1931,151,5,'2020-08-02 00:54:33','2020-08-02 00:54:33',1),(1941,151,6,'2020-08-02 00:54:33','2020-08-02 00:54:33',1),(1951,151,7,'2020-08-02 00:54:33','2020-08-02 00:54:33',1),(1961,151,8,'2020-08-02 00:54:33','2020-08-02 00:54:33',1),(1971,151,9,'2020-08-02 00:54:33','2020-08-02 00:54:33',1),(1981,151,10,'2020-08-02 00:54:33','2020-08-02 00:54:33',1),(1991,151,11,'2020-08-02 00:54:33','2020-08-02 00:54:33',1),(2001,151,12,'2020-08-02 00:54:33','2020-08-02 00:54:33',1),(2011,151,13,'2020-08-02 00:54:33','2020-08-02 00:54:33',1),(2021,151,14,'2020-08-02 00:54:33','2020-08-02 00:54:33',1),(2031,151,15,'2020-08-02 00:54:33','2020-08-02 00:54:33',1),(2041,151,16,'2020-08-02 00:54:33','2020-08-02 00:54:33',1),(2051,201,1,'2020-08-15 13:05:34','2020-08-15 13:05:34',0),(2061,201,2,'2020-08-15 13:05:34','2020-08-15 13:05:34',0),(2071,201,3,'2020-08-15 13:05:34','2020-08-15 13:05:34',0),(2081,201,4,'2020-08-15 13:05:34','2020-08-15 13:05:34',0),(2091,201,5,'2020-08-15 13:05:34','2020-08-15 13:05:34',0),(2101,201,6,'2020-08-15 13:05:34','2020-08-15 13:05:34',0),(2111,201,7,'2020-08-15 13:05:34','2020-08-15 13:05:34',0),(2121,201,8,'2020-08-15 13:05:34','2020-08-15 13:05:34',0),(2131,201,9,'2020-08-15 13:05:34','2020-08-15 13:05:34',0),(2141,201,10,'2020-08-15 13:05:34','2020-08-15 13:05:34',0),(2151,201,11,'2020-08-15 13:05:34','2020-08-15 13:05:34',0),(2161,201,12,'2020-08-15 13:05:34','2020-08-15 13:05:34',0),(2171,201,13,'2020-08-15 13:05:34','2020-08-15 13:05:34',0),(2181,201,14,'2020-08-15 13:05:34','2020-08-15 13:05:34',0),(2191,201,15,'2020-08-15 13:05:34','2020-08-15 13:05:34',0),(2201,201,16,'2020-08-15 13:05:34','2020-08-15 13:05:34',0),(2211,201,1,'2020-08-15 13:05:34','2020-08-15 13:05:34',1),(2221,201,2,'2020-08-15 13:05:34','2020-08-15 13:05:34',1),(2231,201,3,'2020-08-15 13:05:34','2020-08-15 13:05:34',1),(2241,201,4,'2020-08-15 13:05:34','2020-08-15 13:05:34',1),(2251,201,5,'2020-08-15 13:05:34','2020-08-15 13:05:34',1),(2261,201,6,'2020-08-15 13:05:34','2020-08-15 13:05:34',1),(2271,201,7,'2020-08-15 13:05:34','2020-08-15 13:05:34',1),(2281,201,8,'2020-08-15 13:05:34','2020-08-15 13:05:34',1),(2291,201,9,'2020-08-15 13:05:34','2020-08-15 13:05:34',1),(2301,201,10,'2020-08-15 13:05:34','2020-08-15 13:05:34',1),(2311,201,11,'2020-08-15 13:05:34','2020-08-15 13:05:34',1),(2321,201,12,'2020-08-15 13:05:34','2020-08-15 13:05:34',1),(2331,201,13,'2020-08-15 13:05:34','2020-08-15 13:05:34',1),(2341,201,14,'2020-08-15 13:05:34','2020-08-15 13:05:34',1),(2351,201,15,'2020-08-15 13:05:34','2020-08-15 13:05:34',1),(2361,201,16,'2020-08-15 13:05:34','2020-08-15 13:05:34',1),(2371,231,1,'2020-08-16 12:10:16','2020-08-16 12:10:16',0),(2381,231,2,'2020-08-16 12:10:16','2020-08-16 12:10:16',0),(2391,231,3,'2020-08-16 12:10:16','2020-08-16 12:10:16',0),(2401,231,4,'2020-08-16 12:10:16','2020-08-16 12:10:16',0),(2411,231,5,'2020-08-16 12:10:16','2020-08-16 12:10:16',0),(2421,231,6,'2020-08-16 12:10:16','2020-08-16 12:10:16',0),(2431,231,7,'2020-08-16 12:10:16','2020-08-16 12:10:16',0),(2441,231,8,'2020-08-16 12:10:16','2020-08-16 12:10:16',0),(2451,231,9,'2020-08-16 12:10:16','2020-08-16 12:10:16',0),(2461,231,10,'2020-08-16 12:10:16','2020-08-16 12:10:16',0),(2471,231,11,'2020-08-16 12:10:16','2020-08-16 12:10:16',0),(2481,231,12,'2020-08-16 12:10:16','2020-08-16 12:10:16',0),(2491,231,13,'2020-08-16 12:10:16','2020-08-16 12:10:16',0),(2501,231,14,'2020-08-16 12:10:16','2020-08-16 12:10:16',0),(2511,231,15,'2020-08-16 12:10:16','2020-08-16 12:10:16',0),(2521,231,16,'2020-08-16 12:10:16','2020-08-16 12:10:16',0),(2531,231,1,'2020-08-16 12:10:16','2020-08-16 12:10:16',1),(2541,231,2,'2020-08-16 12:10:16','2020-08-16 12:10:16',1),(2551,231,3,'2020-08-16 12:10:16','2020-08-16 12:10:16',1),(2561,231,4,'2020-08-16 12:10:16','2020-08-16 12:10:16',1),(2571,231,5,'2020-08-16 12:10:16','2020-08-16 12:10:16',1),(2581,231,6,'2020-08-16 12:10:16','2020-08-16 12:10:16',1),(2591,231,7,'2020-08-16 12:10:16','2020-08-16 12:10:16',1),(2601,231,8,'2020-08-16 12:10:16','2020-08-16 12:10:16',1),(2611,231,9,'2020-08-16 12:10:16','2020-08-16 12:10:16',1),(2621,231,10,'2020-08-16 12:10:16','2020-08-16 12:10:16',1),(2631,231,11,'2020-08-16 12:10:16','2020-08-16 12:10:16',1),(2641,231,12,'2020-08-16 12:10:16','2020-08-16 12:10:16',1),(2651,231,13,'2020-08-16 12:10:16','2020-08-16 12:10:16',1),(2661,231,14,'2020-08-16 12:10:16','2020-08-16 12:10:16',1),(2671,231,15,'2020-08-16 12:10:16','2020-08-16 12:10:16',1),(2681,231,16,'2020-08-16 12:10:16','2020-08-16 12:10:16',1),(2691,241,1,'2020-08-17 05:07:08','2020-08-17 05:07:08',0),(2701,241,2,'2020-08-17 05:07:08','2020-08-17 05:07:08',0),(2711,241,3,'2020-08-17 05:07:08','2020-08-17 05:07:08',0),(2721,241,4,'2020-08-17 05:07:08','2020-08-17 05:07:08',0),(2731,241,5,'2020-08-17 05:07:08','2020-08-17 05:07:08',0),(2741,241,6,'2020-08-17 05:07:08','2020-08-17 05:07:08',0),(2751,241,7,'2020-08-17 05:07:08','2020-08-17 05:07:08',0),(2761,241,8,'2020-08-17 05:07:08','2020-08-17 05:07:08',0),(2771,241,9,'2020-08-17 05:07:08','2020-08-17 05:07:08',0),(2781,241,10,'2020-08-17 05:07:08','2020-08-17 05:07:08',0),(2791,241,11,'2020-08-17 05:07:08','2020-08-17 05:07:08',0),(2801,241,12,'2020-08-17 05:07:08','2020-08-17 05:07:08',0),(2811,241,13,'2020-08-17 05:07:08','2020-08-17 05:07:08',0),(2821,241,14,'2020-08-17 05:07:08','2020-08-17 05:07:08',0),(2831,241,15,'2020-08-17 05:07:08','2020-08-17 05:07:08',0),(2841,241,16,'2020-08-17 05:07:08','2020-08-17 05:07:08',0),(2851,241,1,'2020-08-17 05:07:08','2020-08-17 05:07:08',1),(2861,241,2,'2020-08-17 05:07:08','2020-08-17 05:07:08',1),(2871,241,3,'2020-08-17 05:07:08','2020-08-17 05:07:08',1),(2881,241,4,'2020-08-17 05:07:08','2020-08-17 05:07:08',1),(2891,241,5,'2020-08-17 05:07:08','2020-08-17 05:07:08',1),(2901,241,6,'2020-08-17 05:07:08','2020-08-17 05:07:08',1),(2911,241,7,'2020-08-17 05:07:08','2020-08-17 05:07:08',1),(2921,241,8,'2020-08-17 05:07:08','2020-08-17 05:07:08',1),(2931,241,9,'2020-08-17 05:07:08','2020-08-17 05:07:08',1),(2941,241,10,'2020-08-17 05:07:08','2020-08-17 05:07:08',1),(2951,241,11,'2020-08-17 05:07:08','2020-08-17 05:07:08',1),(2961,241,12,'2020-08-17 05:07:08','2020-08-17 05:07:08',1),(2971,241,13,'2020-08-17 05:07:08','2020-08-17 05:07:08',1),(2981,241,14,'2020-08-17 05:07:08','2020-08-17 05:07:08',1),(2991,241,15,'2020-08-17 05:07:08','2020-08-17 05:07:08',1),(3001,241,16,'2020-08-17 05:07:08','2020-08-17 05:07:08',1),(3011,251,1,'2020-08-24 01:59:25','2020-08-24 01:59:25',0),(3021,251,2,'2020-08-24 01:59:25','2020-08-24 01:59:25',0),(3031,251,3,'2020-08-24 01:59:25','2020-08-24 01:59:25',0),(3041,251,4,'2020-08-24 01:59:25','2020-08-24 01:59:25',0),(3051,251,5,'2020-08-24 01:59:25','2020-08-24 01:59:25',0),(3061,251,6,'2020-08-24 01:59:25','2020-08-24 01:59:25',0),(3071,251,7,'2020-08-24 01:59:25','2020-08-24 01:59:25',0),(3081,251,8,'2020-08-24 01:59:25','2020-08-24 01:59:25',0),(3091,251,9,'2020-08-24 01:59:25','2020-08-24 01:59:25',0),(3101,251,10,'2020-08-24 01:59:25','2020-08-24 01:59:25',0),(3111,251,11,'2020-08-24 01:59:25','2020-08-24 01:59:25',0),(3121,251,12,'2020-08-24 01:59:25','2020-08-24 01:59:25',0),(3131,251,13,'2020-08-24 01:59:25','2020-08-24 01:59:25',0),(3141,251,14,'2020-08-24 01:59:25','2020-08-24 01:59:25',0),(3151,251,15,'2020-08-24 01:59:25','2020-08-24 01:59:25',0),(3161,251,16,'2020-08-24 01:59:25','2020-08-24 01:59:25',0),(3171,251,1,'2020-08-24 01:59:25','2020-08-24 01:59:25',1),(3181,251,2,'2020-08-24 01:59:25','2020-08-24 01:59:25',1),(3191,251,3,'2020-08-24 01:59:25','2020-08-24 01:59:25',1),(3201,251,4,'2020-08-24 01:59:25','2020-08-24 01:59:25',1),(3211,251,5,'2020-08-24 01:59:25','2020-08-24 01:59:25',1),(3221,251,6,'2020-08-24 01:59:25','2020-08-24 01:59:25',1),(3231,251,7,'2020-08-24 01:59:25','2020-08-24 01:59:25',1),(3241,251,8,'2020-08-24 01:59:25','2020-08-24 01:59:25',1),(3251,251,9,'2020-08-24 01:59:25','2020-08-24 01:59:25',1),(3261,251,10,'2020-08-24 01:59:25','2020-08-24 01:59:25',1),(3271,251,11,'2020-08-24 01:59:25','2020-08-24 01:59:25',1),(3281,251,12,'2020-08-24 01:59:25','2020-08-24 01:59:25',1),(3291,251,13,'2020-08-24 01:59:25','2020-08-24 01:59:25',1),(3301,251,14,'2020-08-24 01:59:25','2020-08-24 01:59:25',1),(3311,251,15,'2020-08-24 01:59:25','2020-08-24 01:59:25',1),(3321,251,16,'2020-08-24 01:59:25','2020-08-24 01:59:25',1),(3331,261,1,'2020-08-24 02:36:09','2020-08-24 02:36:09',0),(3341,261,2,'2020-08-24 02:36:09','2020-08-24 02:36:09',0),(3351,261,3,'2020-08-24 02:36:09','2020-08-24 02:36:09',0),(3361,261,4,'2020-08-24 02:36:09','2020-08-24 02:36:09',0),(3371,261,5,'2020-08-24 02:36:09','2020-08-24 02:36:09',0),(3381,261,6,'2020-08-24 02:36:09','2020-08-24 02:36:09',0),(3391,261,7,'2020-08-24 02:36:09','2020-08-24 02:36:09',0),(3401,261,8,'2020-08-24 02:36:09','2020-08-24 02:36:09',0),(3411,261,9,'2020-08-24 02:36:09','2020-08-24 02:36:09',0),(3421,261,10,'2020-08-24 02:36:09','2020-08-24 02:36:09',0),(3431,261,11,'2020-08-24 02:36:09','2020-08-24 02:36:09',0),(3441,261,12,'2020-08-24 02:36:09','2020-08-24 02:36:09',0),(3451,261,13,'2020-08-24 02:36:09','2020-08-24 02:36:09',0),(3461,261,14,'2020-08-24 02:36:09','2020-08-24 02:36:09',0),(3471,261,15,'2020-08-24 02:36:09','2020-08-24 02:36:09',0),(3481,261,16,'2020-08-24 02:36:09','2020-08-24 02:36:09',0),(3491,261,1,'2020-08-24 02:36:09','2020-08-24 02:36:09',1),(3501,261,2,'2020-08-24 02:36:09','2020-08-24 02:36:09',1),(3511,261,3,'2020-08-24 02:36:09','2020-08-24 02:36:09',1),(3521,261,4,'2020-08-24 02:36:09','2020-08-24 02:36:09',1),(3531,261,5,'2020-08-24 02:36:09','2020-08-24 02:36:09',1),(3541,261,6,'2020-08-24 02:36:09','2020-08-24 02:36:09',1),(3551,261,7,'2020-08-24 02:36:09','2020-08-24 02:36:09',1),(3561,261,8,'2020-08-24 02:36:09','2020-08-24 02:36:09',1),(3571,261,9,'2020-08-24 02:36:09','2020-08-24 02:36:09',1),(3581,261,10,'2020-08-24 02:36:09','2020-08-24 02:36:09',1),(3591,261,11,'2020-08-24 02:36:09','2020-08-24 02:36:09',1),(3601,261,12,'2020-08-24 02:36:09','2020-08-24 02:36:09',1),(3611,261,13,'2020-08-24 02:36:09','2020-08-24 02:36:09',1),(3621,261,14,'2020-08-24 02:36:09','2020-08-24 02:36:09',1),(3631,261,15,'2020-08-24 02:36:09','2020-08-24 02:36:09',1),(3641,261,16,'2020-08-24 02:36:09','2020-08-24 02:36:09',1),(3651,281,1,'2020-09-05 06:35:53','2020-09-05 06:35:53',0),(3661,281,2,'2020-09-05 06:35:53','2020-09-05 06:35:53',0),(3671,281,3,'2020-09-05 06:35:53','2020-09-05 06:35:53',0),(3681,281,4,'2020-09-05 06:35:53','2020-09-05 06:35:53',0),(3691,281,5,'2020-09-05 06:35:53','2020-09-05 06:35:53',0),(3701,281,6,'2020-09-05 06:35:53','2020-09-05 06:35:53',0),(3711,281,7,'2020-09-05 06:35:53','2020-09-05 06:35:53',0),(3721,281,8,'2020-09-05 06:35:53','2020-09-05 06:35:53',0),(3731,281,9,'2020-09-05 06:35:53','2020-09-05 06:35:53',0),(3741,281,10,'2020-09-05 06:35:53','2020-09-05 06:35:53',0),(3751,281,11,'2020-09-05 06:35:53','2020-09-05 06:35:53',0),(3761,281,12,'2020-09-05 06:35:53','2020-09-05 06:35:53',0),(3771,281,13,'2020-09-05 06:35:53','2020-09-05 06:35:53',0),(3781,281,14,'2020-09-05 06:35:53','2020-09-05 06:35:53',0),(3791,281,15,'2020-09-05 06:35:53','2020-09-05 06:35:53',0),(3801,281,16,'2020-09-05 06:35:53','2020-09-05 06:35:53',0),(3811,281,1,'2020-09-05 06:35:53','2020-09-05 06:35:53',1),(3821,281,2,'2020-09-05 06:35:53','2020-09-05 06:35:53',1),(3831,281,3,'2020-09-05 06:35:53','2020-09-05 06:35:53',1),(3841,281,4,'2020-09-05 06:35:53','2020-09-05 06:35:53',1),(3851,281,5,'2020-09-05 06:35:53','2020-09-05 06:35:53',1),(3861,281,6,'2020-09-05 06:35:53','2020-09-05 06:35:53',1),(3871,281,7,'2020-09-05 06:35:53','2020-09-05 06:35:53',1),(3881,281,8,'2020-09-05 06:35:53','2020-09-05 06:35:53',1),(3891,281,9,'2020-09-05 06:35:53','2020-09-05 06:35:53',1),(3901,281,10,'2020-09-05 06:35:53','2020-09-05 06:35:53',1),(3911,281,11,'2020-09-05 06:35:53','2020-09-05 06:35:53',1),(3921,281,12,'2020-09-05 06:35:53','2020-09-05 06:35:53',1),(3931,281,13,'2020-09-05 06:35:53','2020-09-05 06:35:53',1),(3941,281,14,'2020-09-05 06:35:53','2020-09-05 06:35:53',1),(3951,281,15,'2020-09-05 06:35:53','2020-09-05 06:35:53',1),(3961,281,16,'2020-09-05 06:35:53','2020-09-05 06:35:53',1),(3971,291,1,'2020-09-05 07:36:48','2020-09-05 07:36:48',0),(3981,291,2,'2020-09-05 07:36:48','2020-09-05 07:36:48',0),(3991,291,3,'2020-09-05 07:36:48','2020-09-05 07:36:48',0),(4001,291,4,'2020-09-05 07:36:48','2020-09-05 07:36:48',0),(4011,291,5,'2020-09-05 07:36:48','2020-09-05 07:36:48',0),(4021,291,6,'2020-09-05 07:36:48','2020-09-05 07:36:48',0),(4031,291,7,'2020-09-05 07:36:48','2020-09-05 07:36:48',0),(4041,291,8,'2020-09-05 07:36:48','2020-09-05 07:36:48',0),(4051,291,9,'2020-09-05 07:36:48','2020-09-05 07:36:48',0),(4061,291,10,'2020-09-05 07:36:48','2020-09-05 07:36:48',0),(4071,291,11,'2020-09-05 07:36:48','2020-09-05 07:36:48',0),(4081,291,12,'2020-09-05 07:36:48','2020-09-05 07:36:48',0),(4091,291,13,'2020-09-05 07:36:48','2020-09-05 07:36:48',0),(4101,291,14,'2020-09-05 07:36:48','2020-09-05 07:36:48',0),(4111,291,15,'2020-09-05 07:36:48','2020-09-05 07:36:48',0),(4121,291,16,'2020-09-05 07:36:48','2020-09-05 07:36:48',0),(4131,291,1,'2020-09-05 07:36:48','2020-09-05 07:36:48',1),(4141,291,2,'2020-09-05 07:36:48','2020-09-05 07:36:48',1),(4151,291,3,'2020-09-05 07:36:48','2020-09-05 07:36:48',1),(4161,291,4,'2020-09-05 07:36:48','2020-09-05 07:36:48',1),(4171,291,5,'2020-09-05 07:36:48','2020-09-05 07:36:48',1),(4181,291,6,'2020-09-05 07:36:48','2020-09-05 07:36:48',1),(4191,291,7,'2020-09-05 07:36:48','2020-09-05 07:36:48',1),(4201,291,8,'2020-09-05 07:36:48','2020-09-05 07:36:48',1),(4211,291,9,'2020-09-05 07:36:48','2020-09-05 07:36:48',1),(4221,291,10,'2020-09-05 07:36:48','2020-09-05 07:36:48',1),(4231,291,11,'2020-09-05 07:36:48','2020-09-05 07:36:48',1),(4241,291,12,'2020-09-05 07:36:48','2020-09-05 07:36:48',1),(4251,291,13,'2020-09-05 07:36:48','2020-09-05 07:36:48',1),(4261,291,14,'2020-09-05 07:36:48','2020-09-05 07:36:48',1),(4271,291,15,'2020-09-05 07:36:48','2020-09-05 07:36:48',1),(4281,291,16,'2020-09-05 07:36:48','2020-09-05 07:36:48',1),(4291,301,1,'2020-09-05 08:57:05','2020-09-05 08:57:05',0),(4301,301,2,'2020-09-05 08:57:05','2020-09-05 08:57:05',0),(4311,301,3,'2020-09-05 08:57:05','2020-09-05 08:57:05',0),(4321,301,4,'2020-09-05 08:57:05','2020-09-05 08:57:05',0),(4331,301,5,'2020-09-05 08:57:05','2020-09-05 08:57:05',0),(4341,301,6,'2020-09-05 08:57:05','2020-09-05 08:57:05',0),(4351,301,7,'2020-09-05 08:57:05','2020-09-05 08:57:05',0),(4361,301,8,'2020-09-05 08:57:05','2020-09-05 08:57:05',0),(4371,301,9,'2020-09-05 08:57:05','2020-09-05 08:57:05',0),(4381,301,10,'2020-09-05 08:57:05','2020-09-05 08:57:05',0),(4391,301,11,'2020-09-05 08:57:05','2020-09-05 08:57:05',0),(4401,301,12,'2020-09-05 08:57:05','2020-09-05 08:57:05',0),(4411,301,13,'2020-09-05 08:57:05','2020-09-05 08:57:05',0),(4421,301,14,'2020-09-05 08:57:05','2020-09-05 08:57:05',0),(4431,301,15,'2020-09-05 08:57:05','2020-09-05 08:57:05',0),(4441,301,16,'2020-09-05 08:57:05','2020-09-05 08:57:05',0),(4451,301,1,'2020-09-05 08:57:05','2020-09-05 08:57:05',1),(4461,301,2,'2020-09-05 08:57:05','2020-09-05 08:57:05',1),(4471,301,3,'2020-09-05 08:57:05','2020-09-05 08:57:05',1),(4481,301,4,'2020-09-05 08:57:05','2020-09-05 08:57:05',1),(4491,301,5,'2020-09-05 08:57:05','2020-09-05 08:57:05',1),(4501,301,6,'2020-09-05 08:57:05','2020-09-05 08:57:05',1),(4511,301,7,'2020-09-05 08:57:05','2020-09-05 08:57:05',1),(4521,301,8,'2020-09-05 08:57:05','2020-09-05 08:57:05',1),(4531,301,9,'2020-09-05 08:57:05','2020-09-05 08:57:05',1),(4541,301,10,'2020-09-05 08:57:05','2020-09-05 08:57:05',1),(4551,301,11,'2020-09-05 08:57:05','2020-09-05 08:57:05',1),(4561,301,12,'2020-09-05 08:57:05','2020-09-05 08:57:05',1),(4571,301,13,'2020-09-05 08:57:05','2020-09-05 08:57:05',1),(4581,301,14,'2020-09-05 08:57:05','2020-09-05 08:57:05',1),(4591,301,15,'2020-09-05 08:57:05','2020-09-05 08:57:05',1),(4601,301,16,'2020-09-05 08:57:05','2020-09-05 08:57:05',1),(4611,311,1,'2020-09-05 10:44:30','2020-09-05 10:44:30',0),(4621,311,2,'2020-09-05 10:44:30','2020-09-05 10:44:30',0),(4631,311,3,'2020-09-05 10:44:30','2020-09-05 10:44:30',0),(4641,311,4,'2020-09-05 10:44:30','2020-09-05 10:44:30',0),(4651,311,5,'2020-09-05 10:44:30','2020-09-05 10:44:30',0),(4661,311,6,'2020-09-05 10:44:30','2020-09-05 10:44:30',0),(4671,311,7,'2020-09-05 10:44:30','2020-09-05 10:44:30',0),(4681,311,8,'2020-09-05 10:44:30','2020-09-05 10:44:30',0),(4691,311,9,'2020-09-05 10:44:30','2020-09-05 10:44:30',0),(4701,311,10,'2020-09-05 10:44:30','2020-09-05 10:44:30',0),(4711,311,11,'2020-09-05 10:44:30','2020-09-05 10:44:30',0),(4721,311,12,'2020-09-05 10:44:30','2020-09-05 10:44:30',0),(4731,311,13,'2020-09-05 10:44:30','2020-09-05 10:44:30',0),(4741,311,14,'2020-09-05 10:44:30','2020-09-05 10:44:30',0),(4751,311,15,'2020-09-05 10:44:30','2020-09-05 10:44:30',0),(4761,311,16,'2020-09-05 10:44:30','2020-09-05 10:44:30',0),(4771,311,1,'2020-09-05 10:44:30','2020-09-05 10:44:30',1),(4781,311,2,'2020-09-05 10:44:30','2020-09-05 10:44:30',1),(4791,311,3,'2020-09-05 10:44:30','2020-09-05 10:44:30',1),(4801,311,4,'2020-09-05 10:44:30','2020-09-05 10:44:30',1),(4811,311,5,'2020-09-05 10:44:30','2020-09-05 10:44:30',1),(4821,311,6,'2020-09-05 10:44:30','2020-09-05 10:44:30',1),(4831,311,7,'2020-09-05 10:44:30','2020-09-05 10:44:30',1),(4841,311,8,'2020-09-05 10:44:30','2020-09-05 10:44:30',1),(4851,311,9,'2020-09-05 10:44:30','2020-09-05 10:44:30',1),(4861,311,10,'2020-09-05 10:44:30','2020-09-05 10:44:30',1),(4871,311,11,'2020-09-05 10:44:30','2020-09-05 10:44:30',1),(4881,311,12,'2020-09-05 10:44:30','2020-09-05 10:44:30',1),(4891,311,13,'2020-09-05 10:44:30','2020-09-05 10:44:30',1),(4901,311,14,'2020-09-05 10:44:30','2020-09-05 10:44:30',1),(4911,311,15,'2020-09-05 10:44:30','2020-09-05 10:44:30',1),(4921,311,16,'2020-09-05 10:44:30','2020-09-05 10:44:30',1),(4931,321,1,'2020-09-05 11:01:38','2020-09-05 11:01:38',0),(4941,321,2,'2020-09-05 11:01:38','2020-09-05 11:01:38',0),(4951,321,3,'2020-09-05 11:01:38','2020-09-05 11:01:38',0),(4961,321,4,'2020-09-05 11:01:38','2020-09-05 11:01:38',0),(4971,321,5,'2020-09-05 11:01:38','2020-09-05 11:01:38',0),(4981,321,6,'2020-09-05 11:01:38','2020-09-05 11:01:38',0),(4991,321,7,'2020-09-05 11:01:38','2020-09-05 11:01:38',0),(5001,321,8,'2020-09-05 11:01:38','2020-09-05 11:01:38',0),(5011,321,9,'2020-09-05 11:01:38','2020-09-05 11:01:38',0),(5021,321,10,'2020-09-05 11:01:38','2020-09-05 11:01:38',0),(5031,321,11,'2020-09-05 11:01:38','2020-09-05 11:01:38',0),(5041,321,12,'2020-09-05 11:01:38','2020-09-05 11:01:38',0),(5051,321,13,'2020-09-05 11:01:38','2020-09-05 11:01:38',0),(5061,321,14,'2020-09-05 11:01:38','2020-09-05 11:01:38',0),(5071,321,15,'2020-09-05 11:01:38','2020-09-05 11:01:38',0),(5081,321,16,'2020-09-05 11:01:38','2020-09-05 11:01:38',0),(5091,321,1,'2020-09-05 11:01:38','2020-09-05 11:01:38',1),(5101,321,2,'2020-09-05 11:01:38','2020-09-05 11:01:38',1),(5111,321,3,'2020-09-05 11:01:38','2020-09-05 11:01:38',1),(5121,321,4,'2020-09-05 11:01:38','2020-09-05 11:01:38',1),(5131,321,5,'2020-09-05 11:01:38','2020-09-05 11:01:38',1),(5141,321,6,'2020-09-05 11:01:38','2020-09-05 11:01:38',1),(5151,321,7,'2020-09-05 11:01:38','2020-09-05 11:01:38',1),(5161,321,8,'2020-09-05 11:01:38','2020-09-05 11:01:38',1),(5171,321,9,'2020-09-05 11:01:38','2020-09-05 11:01:38',1),(5181,321,10,'2020-09-05 11:01:38','2020-09-05 11:01:38',1),(5191,321,11,'2020-09-05 11:01:38','2020-09-05 11:01:38',1),(5201,321,12,'2020-09-05 11:01:38','2020-09-05 11:01:38',1),(5211,321,13,'2020-09-05 11:01:38','2020-09-05 11:01:38',1),(5221,321,14,'2020-09-05 11:01:38','2020-09-05 11:01:38',1),(5231,321,15,'2020-09-05 11:01:38','2020-09-05 11:01:38',1),(5241,321,16,'2020-09-05 11:01:38','2020-09-05 11:01:38',1),(5251,331,1,'2020-09-05 11:38:07','2020-09-05 11:38:07',0),(5261,331,2,'2020-09-05 11:38:07','2020-09-05 11:38:07',0),(5271,331,3,'2020-09-05 11:38:07','2020-09-05 11:38:07',0),(5281,331,4,'2020-09-05 11:38:07','2020-09-05 11:38:07',0),(5291,331,5,'2020-09-05 11:38:07','2020-09-05 11:38:07',0),(5301,331,6,'2020-09-05 11:38:07','2020-09-05 11:38:07',0),(5311,331,7,'2020-09-05 11:38:07','2020-09-05 11:38:07',0),(5321,331,8,'2020-09-05 11:38:07','2020-09-05 11:38:07',0),(5331,331,9,'2020-09-05 11:38:07','2020-09-05 11:38:07',0),(5341,331,10,'2020-09-05 11:38:07','2020-09-05 11:38:07',0),(5351,331,11,'2020-09-05 11:38:07','2020-09-05 11:38:07',0),(5361,331,12,'2020-09-05 11:38:07','2020-09-05 11:38:07',0),(5371,331,13,'2020-09-05 11:38:07','2020-09-05 11:38:07',0),(5381,331,14,'2020-09-05 11:38:07','2020-09-05 11:38:07',0),(5391,331,15,'2020-09-05 11:38:07','2020-09-05 11:38:07',0),(5401,331,16,'2020-09-05 11:38:07','2020-09-05 11:38:07',0),(5411,331,1,'2020-09-05 11:38:07','2020-09-05 11:38:07',1),(5421,331,2,'2020-09-05 11:38:07','2020-09-05 11:38:07',1),(5431,331,3,'2020-09-05 11:38:07','2020-09-05 11:38:07',1),(5441,331,4,'2020-09-05 11:38:07','2020-09-05 11:38:07',1),(5451,331,5,'2020-09-05 11:38:07','2020-09-05 11:38:07',1),(5461,331,6,'2020-09-05 11:38:07','2020-09-05 11:38:07',1),(5471,331,7,'2020-09-05 11:38:07','2020-09-05 11:38:07',1),(5481,331,8,'2020-09-05 11:38:07','2020-09-05 11:38:07',1),(5491,331,9,'2020-09-05 11:38:07','2020-09-05 11:38:07',1),(5501,331,10,'2020-09-05 11:38:07','2020-09-05 11:38:07',1),(5511,331,11,'2020-09-05 11:38:07','2020-09-05 11:38:07',1),(5521,331,12,'2020-09-05 11:38:07','2020-09-05 11:38:07',1),(5531,331,13,'2020-09-05 11:38:07','2020-09-05 11:38:07',1),(5541,331,14,'2020-09-05 11:38:07','2020-09-05 11:38:07',1),(5551,331,15,'2020-09-05 11:38:07','2020-09-05 11:38:07',1),(5561,331,16,'2020-09-05 11:38:07','2020-09-05 11:38:07',1),(5571,341,1,'2020-09-06 01:02:46','2020-09-06 01:02:46',0),(5581,341,2,'2020-09-06 01:02:46','2020-09-06 01:02:46',0),(5591,341,3,'2020-09-06 01:02:46','2020-09-06 01:02:46',0),(5601,341,4,'2020-09-06 01:02:46','2020-09-06 01:02:46',0),(5611,341,5,'2020-09-06 01:02:46','2020-09-06 01:02:46',0),(5621,341,6,'2020-09-06 01:02:46','2020-09-06 01:02:46',0),(5631,341,7,'2020-09-06 01:02:46','2020-09-06 01:02:46',0),(5641,341,8,'2020-09-06 01:02:46','2020-09-06 01:02:46',0),(5651,341,9,'2020-09-06 01:02:46','2020-09-06 01:02:46',0),(5661,341,10,'2020-09-06 01:02:46','2020-09-06 01:02:46',0),(5671,341,11,'2020-09-06 01:02:46','2020-09-06 01:02:46',0),(5681,341,12,'2020-09-06 01:02:46','2020-09-06 01:02:46',0),(5691,341,13,'2020-09-06 01:02:46','2020-09-06 01:02:46',0),(5701,341,14,'2020-09-06 01:02:46','2020-09-06 01:02:46',0),(5711,341,15,'2020-09-06 01:02:46','2020-09-06 01:02:46',0),(5721,341,16,'2020-09-06 01:02:46','2020-09-06 01:02:46',0),(5731,341,1,'2020-09-06 01:02:46','2020-09-06 01:02:46',1),(5741,341,2,'2020-09-06 01:02:46','2020-09-06 01:02:46',1),(5751,341,3,'2020-09-06 01:02:46','2020-09-06 01:02:46',1),(5761,341,4,'2020-09-06 01:02:46','2020-09-06 01:02:46',1),(5771,341,5,'2020-09-06 01:02:46','2020-09-06 01:02:46',1),(5781,341,6,'2020-09-06 01:02:46','2020-09-06 01:02:46',1),(5791,341,7,'2020-09-06 01:02:46','2020-09-06 01:02:46',1),(5801,341,8,'2020-09-06 01:02:46','2020-09-06 01:02:46',1),(5811,341,9,'2020-09-06 01:02:46','2020-09-06 01:02:46',1),(5821,341,10,'2020-09-06 01:02:46','2020-09-06 01:02:46',1),(5831,341,11,'2020-09-06 01:02:46','2020-09-06 01:02:46',1),(5841,341,12,'2020-09-06 01:02:46','2020-09-06 01:02:46',1),(5851,341,13,'2020-09-06 01:02:46','2020-09-06 01:02:46',1),(5861,341,14,'2020-09-06 01:02:46','2020-09-06 01:02:46',1),(5871,341,15,'2020-09-06 01:02:46','2020-09-06 01:02:46',1),(5881,341,16,'2020-09-06 01:02:46','2020-09-06 01:02:46',1),(5891,351,1,'2020-09-14 07:58:50','2020-09-14 07:58:50',0),(5901,351,2,'2020-09-14 07:58:50','2020-09-14 07:58:50',0),(5911,351,3,'2020-09-14 07:58:50','2020-09-14 07:58:50',0),(5921,351,4,'2020-09-14 07:58:50','2020-09-14 07:58:50',0),(5931,351,5,'2020-09-14 07:58:50','2020-09-14 07:58:50',0),(5941,351,6,'2020-09-14 07:58:50','2020-09-14 07:58:50',0),(5951,351,7,'2020-09-14 07:58:50','2020-09-14 07:58:50',0),(5961,351,8,'2020-09-14 07:58:50','2020-09-14 07:58:50',0),(5971,351,9,'2020-09-14 07:58:50','2020-09-14 07:58:50',0),(5981,351,10,'2020-09-14 07:58:50','2020-09-14 07:58:50',0),(5991,351,11,'2020-09-14 07:58:50','2020-09-14 07:58:50',0),(6001,351,12,'2020-09-14 07:58:50','2020-09-14 07:58:50',0),(6011,351,13,'2020-09-14 07:58:50','2020-09-14 07:58:50',0),(6021,351,14,'2020-09-14 07:58:50','2020-09-14 07:58:50',0),(6031,351,15,'2020-09-14 07:58:50','2020-09-14 07:58:50',0),(6041,351,16,'2020-09-14 07:58:50','2020-09-14 07:58:50',0),(6051,351,1,'2020-09-14 07:58:50','2020-09-14 07:58:50',1),(6061,351,2,'2020-09-14 07:58:50','2020-09-14 07:58:50',1),(6071,351,3,'2020-09-14 07:58:50','2020-09-14 07:58:50',1),(6081,351,4,'2020-09-14 07:58:50','2020-09-14 07:58:50',1),(6091,351,5,'2020-09-14 07:58:50','2020-09-14 07:58:50',1),(6101,351,6,'2020-09-14 07:58:50','2020-09-14 07:58:50',1),(6111,351,7,'2020-09-14 07:58:50','2020-09-14 07:58:50',1),(6121,351,8,'2020-09-14 07:58:50','2020-09-14 07:58:50',1),(6131,351,9,'2020-09-14 07:58:50','2020-09-14 07:58:50',1),(6141,351,10,'2020-09-14 07:58:50','2020-09-14 07:58:50',1),(6151,351,11,'2020-09-14 07:58:50','2020-09-14 07:58:50',1),(6161,351,12,'2020-09-14 07:58:50','2020-09-14 07:58:50',1),(6171,351,13,'2020-09-14 07:58:50','2020-09-14 07:58:50',1),(6181,351,14,'2020-09-14 07:58:50','2020-09-14 07:58:50',1),(6191,351,15,'2020-09-14 07:58:50','2020-09-14 07:58:50',1),(6201,351,16,'2020-09-14 07:58:50','2020-09-14 07:58:50',1),(6211,361,1,'2020-09-14 08:16:43','2020-09-14 08:16:43',0),(6221,361,2,'2020-09-14 08:16:43','2020-09-14 08:16:43',0),(6231,361,3,'2020-09-14 08:16:43','2020-09-14 08:16:43',0),(6241,361,4,'2020-09-14 08:16:43','2020-09-14 08:16:43',0),(6251,361,5,'2020-09-14 08:16:43','2020-09-14 08:16:43',0),(6261,361,6,'2020-09-14 08:16:43','2020-09-14 08:16:43',0),(6271,361,7,'2020-09-14 08:16:43','2020-09-14 08:16:43',0),(6281,361,8,'2020-09-14 08:16:43','2020-09-14 08:16:43',0),(6291,361,9,'2020-09-14 08:16:43','2020-09-14 08:16:43',0),(6301,361,10,'2020-09-14 08:16:43','2020-09-14 08:16:43',0),(6311,361,11,'2020-09-14 08:16:43','2020-09-14 08:16:43',0),(6321,361,12,'2020-09-14 08:16:43','2020-09-14 08:16:43',0),(6331,361,13,'2020-09-14 08:16:43','2020-09-14 08:16:43',0),(6341,361,14,'2020-09-14 08:16:43','2020-09-14 08:16:43',0),(6351,361,15,'2020-09-14 08:16:43','2020-09-14 08:16:43',0),(6361,361,16,'2020-09-14 08:16:43','2020-09-14 08:16:43',0),(6371,361,1,'2020-09-14 08:16:43','2020-09-14 08:16:43',1),(6381,361,2,'2020-09-14 08:16:43','2020-09-14 08:16:43',1),(6391,361,3,'2020-09-14 08:16:43','2020-09-14 08:16:43',1),(6401,361,4,'2020-09-14 08:16:43','2020-09-14 08:16:43',1),(6411,361,5,'2020-09-14 08:16:43','2020-09-14 08:16:43',1),(6421,361,6,'2020-09-14 08:16:43','2020-09-14 08:16:43',1),(6431,361,7,'2020-09-14 08:16:43','2020-09-14 08:16:43',1),(6441,361,8,'2020-09-14 08:16:43','2020-09-14 08:16:43',1),(6451,361,9,'2020-09-14 08:16:43','2020-09-14 08:16:43',1),(6461,361,10,'2020-09-14 08:16:43','2020-09-14 08:16:43',1),(6471,361,11,'2020-09-14 08:16:43','2020-09-14 08:16:43',1),(6481,361,12,'2020-09-14 08:16:43','2020-09-14 08:16:43',1),(6491,361,13,'2020-09-14 08:16:43','2020-09-14 08:16:43',1),(6501,361,14,'2020-09-14 08:16:43','2020-09-14 08:16:43',1),(6511,361,15,'2020-09-14 08:16:43','2020-09-14 08:16:43',1),(6521,361,16,'2020-09-14 08:16:43','2020-09-14 08:16:43',1),(6531,371,1,'2020-09-14 12:06:24','2020-09-14 12:06:24',0),(6541,371,2,'2020-09-14 12:06:24','2020-09-14 12:06:24',0),(6551,371,3,'2020-09-14 12:06:24','2020-09-14 12:06:24',0),(6561,371,4,'2020-09-14 12:06:24','2020-09-14 12:06:24',0),(6571,371,5,'2020-09-14 12:06:24','2020-09-14 12:06:24',0),(6581,371,6,'2020-09-14 12:06:24','2020-09-14 12:06:24',0),(6591,371,7,'2020-09-14 12:06:24','2020-09-14 12:06:24',0),(6601,371,8,'2020-09-14 12:06:24','2020-09-14 12:06:24',0),(6611,371,9,'2020-09-14 12:06:24','2020-09-14 12:06:24',0),(6621,371,10,'2020-09-14 12:06:24','2020-09-14 12:06:24',0),(6631,371,11,'2020-09-14 12:06:24','2020-09-14 12:06:24',0),(6641,371,12,'2020-09-14 12:06:24','2020-09-14 12:06:24',0),(6651,371,13,'2020-09-14 12:06:24','2020-09-14 12:06:24',0),(6661,371,14,'2020-09-14 12:06:24','2020-09-14 12:06:24',0),(6671,371,15,'2020-09-14 12:06:24','2020-09-14 12:06:24',0),(6681,371,16,'2020-09-14 12:06:24','2020-09-14 12:06:24',0),(6691,371,1,'2020-09-14 12:06:24','2020-09-14 12:06:24',1),(6701,371,2,'2020-09-14 12:06:24','2020-09-14 12:06:24',1),(6711,371,3,'2020-09-14 12:06:24','2020-09-14 12:06:24',1),(6721,371,4,'2020-09-14 12:06:24','2020-09-14 12:06:24',1),(6731,371,5,'2020-09-14 12:06:24','2020-09-14 12:06:24',1),(6741,371,6,'2020-09-14 12:06:24','2020-09-14 12:06:24',1),(6751,371,7,'2020-09-14 12:06:24','2020-09-14 12:06:24',1),(6761,371,8,'2020-09-14 12:06:24','2020-09-14 12:06:24',1),(6771,371,9,'2020-09-14 12:06:24','2020-09-14 12:06:24',1),(6781,371,10,'2020-09-14 12:06:24','2020-09-14 12:06:24',1),(6791,371,11,'2020-09-14 12:06:24','2020-09-14 12:06:24',1),(6801,371,12,'2020-09-14 12:06:24','2020-09-14 12:06:24',1),(6811,371,13,'2020-09-14 12:06:24','2020-09-14 12:06:24',1),(6821,371,14,'2020-09-14 12:06:24','2020-09-14 12:06:24',1),(6831,371,15,'2020-09-14 12:06:24','2020-09-14 12:06:24',1),(6841,371,16,'2020-09-14 12:06:24','2020-09-14 12:06:24',1),(6851,381,1,'2020-09-14 13:26:29','2020-09-14 13:26:29',0),(6861,381,2,'2020-09-14 13:26:29','2020-09-14 13:26:29',0),(6871,381,3,'2020-09-14 13:26:29','2020-09-14 13:26:29',0),(6881,381,4,'2020-09-14 13:26:29','2020-09-14 13:26:29',0),(6891,381,5,'2020-09-14 13:26:29','2020-09-14 13:26:29',0),(6901,381,6,'2020-09-14 13:26:29','2020-09-14 13:26:29',0),(6911,381,7,'2020-09-14 13:26:29','2020-09-14 13:26:29',0),(6921,381,8,'2020-09-14 13:26:29','2020-09-14 13:26:29',0),(6931,381,9,'2020-09-14 13:26:29','2020-09-14 13:26:29',0),(6941,381,10,'2020-09-14 13:26:29','2020-09-14 13:26:29',0),(6951,381,11,'2020-09-14 13:26:29','2020-09-14 13:26:29',0),(6961,381,12,'2020-09-14 13:26:29','2020-09-14 13:26:29',0),(6971,381,13,'2020-09-14 13:26:29','2020-09-14 13:26:29',0),(6981,381,14,'2020-09-14 13:26:29','2020-09-14 13:26:29',0),(6991,381,15,'2020-09-14 13:26:29','2020-09-14 13:26:29',0),(7001,381,16,'2020-09-14 13:26:29','2020-09-14 13:26:29',0),(7011,381,1,'2020-09-14 13:26:29','2020-09-14 13:26:29',1),(7021,381,2,'2020-09-14 13:26:29','2020-09-14 13:26:29',1),(7031,381,3,'2020-09-14 13:26:29','2020-09-14 13:26:29',1),(7041,381,4,'2020-09-14 13:26:29','2020-09-14 13:26:29',1),(7051,381,5,'2020-09-14 13:26:29','2020-09-14 13:26:29',1),(7061,381,6,'2020-09-14 13:26:29','2020-09-14 13:26:29',1),(7071,381,7,'2020-09-14 13:26:29','2020-09-14 13:26:29',1),(7081,381,8,'2020-09-14 13:26:29','2020-09-14 13:26:29',1),(7091,381,9,'2020-09-14 13:26:29','2020-09-14 13:26:29',1),(7101,381,10,'2020-09-14 13:26:29','2020-09-14 13:26:29',1),(7111,381,11,'2020-09-14 13:26:29','2020-09-14 13:26:29',1),(7121,381,12,'2020-09-14 13:26:29','2020-09-14 13:26:29',1),(7131,381,13,'2020-09-14 13:26:29','2020-09-14 13:26:29',1),(7141,381,14,'2020-09-14 13:26:29','2020-09-14 13:26:29',1),(7151,381,15,'2020-09-14 13:26:29','2020-09-14 13:26:29',1),(7161,381,16,'2020-09-14 13:26:29','2020-09-14 13:26:29',1),(7171,391,1,'2020-09-15 04:09:18','2020-09-15 04:09:18',0),(7181,391,2,'2020-09-15 04:09:18','2020-09-15 04:09:18',0),(7191,391,3,'2020-09-15 04:09:18','2020-09-15 04:09:18',0),(7201,391,4,'2020-09-15 04:09:18','2020-09-15 04:09:18',0),(7211,391,5,'2020-09-15 04:09:18','2020-09-15 04:09:18',0),(7221,391,6,'2020-09-15 04:09:18','2020-09-15 04:09:18',0),(7231,391,7,'2020-09-15 04:09:18','2020-09-15 04:09:18',0),(7241,391,8,'2020-09-15 04:09:18','2020-09-15 04:09:18',0),(7251,391,9,'2020-09-15 04:09:18','2020-09-15 04:09:18',0),(7261,391,10,'2020-09-15 04:09:18','2020-09-15 04:09:18',0),(7271,391,11,'2020-09-15 04:09:18','2020-09-15 04:09:18',0),(7281,391,12,'2020-09-15 04:09:18','2020-09-15 04:09:18',0),(7291,391,13,'2020-09-15 04:09:18','2020-09-15 04:09:18',0),(7301,391,14,'2020-09-15 04:09:18','2020-09-15 04:09:18',0),(7311,391,15,'2020-09-15 04:09:18','2020-09-15 04:09:18',0),(7321,391,16,'2020-09-15 04:09:18','2020-09-15 04:09:18',0),(7331,391,1,'2020-09-15 04:09:18','2020-09-15 04:09:18',1),(7341,391,2,'2020-09-15 04:09:18','2020-09-15 04:09:18',1),(7351,391,3,'2020-09-15 04:09:18','2020-09-15 04:09:18',1),(7361,391,4,'2020-09-15 04:09:18','2020-09-15 04:09:18',1),(7371,391,5,'2020-09-15 04:09:18','2020-09-15 04:09:18',1),(7381,391,6,'2020-09-15 04:09:18','2020-09-15 04:09:18',1),(7391,391,7,'2020-09-15 04:09:18','2020-09-15 04:09:18',1),(7401,391,8,'2020-09-15 04:09:18','2020-09-15 04:09:18',1),(7411,391,9,'2020-09-15 04:09:18','2020-09-15 04:09:18',1),(7421,391,10,'2020-09-15 04:09:18','2020-09-15 04:09:18',1),(7431,391,11,'2020-09-15 04:09:18','2020-09-15 04:09:18',1),(7441,391,12,'2020-09-15 04:09:18','2020-09-15 04:09:18',1),(7451,391,13,'2020-09-15 04:09:18','2020-09-15 04:09:18',1),(7461,391,14,'2020-09-15 04:09:18','2020-09-15 04:09:18',1),(7471,391,15,'2020-09-15 04:09:18','2020-09-15 04:09:18',1),(7481,391,16,'2020-09-15 04:09:18','2020-09-15 04:09:18',1);
/*!40000 ALTER TABLE `teeth` ENABLE KEYS */;
UNLOCK TABLES;

--
-- Table structure for table `transactions`
--

DROP TABLE IF EXISTS `transactions`;
/*!40101 SET @saved_cs_client     = @@character_set_client */;
/*!50503 SET character_set_client = utf8mb4 */;
CREATE TABLE `transactions` (
  `id` int(11) NOT NULL AUTO_INCREMENT,
  `transactionNo` varchar(255) DEFAULT NULL,
  `transactionDate` date DEFAULT NULL,
  `status` int(11) DEFAULT '0',
  `archive` int(11) DEFAULT '0',
  `price` float DEFAULT '0',
  `amountpaid` float DEFAULT '0',
  `dentist` varchar(255) DEFAULT NULL,
  `dentistId` int(11) DEFAULT NULL,
  `createdBy` varchar(255) DEFAULT NULL,
  `modifiedBy` varchar(255) DEFAULT NULL,
  `remarks` varchar(255) DEFAULT NULL,
  `userId` int(11) DEFAULT NULL,
  `reservationId` int(11) DEFAULT NULL,
  `createdAt` datetime NOT NULL,
  `updatedAt` datetime NOT NULL,
  `transactionEndDate` date DEFAULT NULL,
  `billStatus` int(11) DEFAULT '0',
  `ToothType` int(11) DEFAULT '0',
  `branchId` int(11) DEFAULT NULL,
  `discount` float DEFAULT '0',
  `medRemarks` varchar(255) DEFAULT NULL,
  `Start` varchar(10) DEFAULT NULL,
  `End` varchar(10) DEFAULT NULL,
  PRIMARY KEY (`id`)
) ENGINE=InnoDB AUTO_INCREMENT=341 DEFAULT CHARSET=latin1;
/*!40101 SET character_set_client = @saved_cs_client */;

--
-- Dumping data for table `transactions`
--

LOCK TABLES `transactions` WRITE;
/*!40000 ALTER TABLE `transactions` DISABLE KEYS */;
INSERT INTO `transactions` VALUES (31,'T202000000000031','2020-08-07',2,0,-1500,0,'Dr. Zeus',11,'Staffs tests testings','Staffs tests testings',NULL,101,41,'2020-08-01 07:23:39','2020-08-03 12:40:46',NULL,0,1,1,10,NULL,'11:00','12:00'),(41,'T202000000000041','2020-08-08',2,0,0,0,'Dentist Name',1,'Staffs tests testings','Super Admin Admin','Successfully repaired',91,21,'2020-08-01 07:37:04','2020-08-21 07:34:06',NULL,0,0,1,100,NULL,'11:00','12:00'),(51,'T202000000000051','2020-08-10',2,0,0,0,'Dr. Quack',1,'Super Admin Admin','Super Admin Admin',NULL,151,91,'2020-08-02 15:42:22','2020-08-04 16:27:40',NULL,0,0,1,0,NULL,'10:00','11:00'),(61,'T202000000000061','2020-08-11',2,0,0,0,'Dr. Wonka',21,'Super Admin Admin','Super Admin Admin',NULL,101,111,'2020-08-03 11:40:54','2020-08-16 12:24:58',NULL,0,1,11,0,NULL,'10:00','11:00'),(71,'T202000000000071','2020-08-13',2,0,1550,0,'Dr. Quack',1,'Super Admin Admin','Super Admin Admin',NULL,101,NULL,'2020-08-03 12:01:03','2020-08-16 10:03:52',NULL,0,0,1,0,NULL,'12:00','14:00'),(81,'T202000000000081','2020-08-13',2,0,0,0,'Dr. Quack',1,'Super Admin Admin','Super Admin Admin',NULL,101,131,'2020-08-05 14:29:48','2020-08-09 04:13:44',NULL,0,1,1,50,NULL,'10:00','11:00'),(91,'T202000000000091','2020-08-15',2,0,0,0,'Dr. Quack',1,'Super Admin Admin','Admin two Admin',NULL,151,151,'2020-08-09 03:25:31','2020-09-08 15:17:01',NULL,0,0,1,0,NULL,'13:00','14:00'),(101,'T202000000000101','2020-08-17',1,0,0,0,'Dr. Quack',1,'Super Admin Admin','Super Admin Admin','for checking',151,161,'2020-08-09 03:33:12','2020-09-14 04:09:53',NULL,0,0,1,0,NULL,'10:00','11:00'),(111,'T202000000000111','2020-08-24',2,0,700,0,'Dr. Wonka',21,'Super Admin Admin','Super Admin Admin','Teeth has been successfully repaired',101,191,'2020-08-16 10:30:00','2020-09-03 02:20:13',NULL,0,0,11,0,NULL,'10:40','11:40'),(121,'T202000000000121','2020-08-25',1,0,0,0,'Dr. Quack',1,'Super Admin Admin','Super Admin Admin','to secure the healing process',231,201,'2020-08-16 12:34:49','2020-08-19 09:34:02',NULL,0,0,1,0,NULL,'10:00','11:00'),(131,'T202000000000131','2020-08-24',2,0,0,0,'Dr. Zeus',11,'Super Admin Admin','Super Admin Admin',NULL,231,221,'2020-08-16 13:00:26','2020-08-24 06:51:58',NULL,0,1,1,1000,NULL,'10:00','11:40'),(141,'T202000000000141','2020-08-17',2,0,1550,0,'Dr. Quack',1,'Super Admin Admin','Super Admin Admin',NULL,101,NULL,'2020-08-17 02:56:44','2020-08-23 01:01:16',NULL,0,0,1,0,NULL,'10:00','11:00'),(151,'T202000000000151','2020-08-17',2,0,700,0,'Dr. Quack',1,'Super Admin Admin','Super Admin Admin','need to check teeth',101,NULL,'2020-08-17 03:11:56','2020-09-03 09:09:04',NULL,0,1,1,140,NULL,'10:00','11:00'),(161,'T202000000000161','2020-08-17',1,0,0,0,'Dr. Wonka',21,'Super Admin Admin','Super Admin Admin',NULL,201,251,'2020-08-17 03:35:19','2020-09-03 08:31:50',NULL,0,0,11,0,NULL,'13:00','13:30'),(171,'T202000000000171','2020-08-20',2,0,-650,0,'Dr. Zeus',11,'Super Admin Admin','Super Admin Admin',NULL,121,291,'2020-08-24 03:20:57','2020-09-20 13:17:49',NULL,0,1,1,170,NULL,'10:10','11:10'),(181,'T202000000000181','2020-08-24',2,0,0,0,'Dr. Zeus',11,'Admin two Admin','Admin two Admin','Treatment went well',251,331,'2020-08-24 06:44:52','2020-08-30 02:03:08',NULL,0,0,1,220,NULL,'13:00','14:00'),(191,'T202000000000191','2020-08-30',2,0,0,0,'Dr. Zeus',11,'Super Admin Admin','Super Admin Admin',NULL,201,381,'2020-08-30 02:54:51','2020-09-02 02:54:19',NULL,0,1,1,140,NULL,'10:30','11:30'),(201,'T202000000000201','2020-09-07',2,0,700,0,'Dr. Quack',1,'Super Admin Admin','Super Admin Admin',NULL,101,401,'2020-08-30 03:05:36','2020-09-05 03:33:22',NULL,0,0,1,0,NULL,'13:00','14:00'),(211,'T202000000000211','2020-09-07',2,0,0,0,'Dr. Quack',1,'Super Admin Admin','Super Admin Admin','',101,401,'2020-08-30 03:05:36','2020-09-05 03:52:04',NULL,0,0,1,235,NULL,'13:10','13:40'),(221,'T202000000000221','2020-09-05',2,0,0,0,'Dr. Quack',1,'Super Admin Admin','Super Admin Admin',NULL,121,471,'2020-09-05 03:45:57','2020-09-14 08:09:20',NULL,0,1,1,0,NULL,'13:40','14:10'),(231,'T202000000000231','2020-09-05',2,0,0,0,'Dr. AnzaYap',31,'Super Admin Admin','Super Admin Admin',NULL,91,491,'2020-09-05 03:48:30','2020-09-05 04:09:25',NULL,0,0,1,70,NULL,'12:55','13:40'),(241,'T202000000000241','2020-09-05',2,0,-1650,0,'Dr. Zeus',11,'Super Admin Admin','Super Admin Admin',NULL,201,481,'2020-09-05 03:48:35','2020-09-05 11:16:38',NULL,0,0,1,0,NULL,'13:10','14:10'),(251,'T202000000000251','2020-09-08',2,0,0,0,'Dr. Quack',1,'staff 1 staff','staff 1 staff',NULL,91,571,'2020-09-08 03:30:04','2020-09-09 00:43:00',NULL,0,1,1,220,NULL,'10:00','11:00'),(261,'T202000000000261','2020-09-08',2,0,650,0,'Dr. Zeus',11,'Super Admin Admin','Super Admin Admin',NULL,101,601,'2020-09-08 05:35:15','2020-09-09 01:41:52',NULL,0,1,1,220,NULL,'12:00','13:00'),(271,'T202000000000271','2020-09-16',1,0,0,0,'Dr. Quack',1,'Super Admin Admin','Super Admin Admin',NULL,101,611,'2020-09-08 05:57:11','2020-09-15 11:10:59',NULL,0,0,1,0,NULL,'11:00','12:00'),(281,'T202000000000281','2020-09-18',1,0,0,0,'Dr. Quack',1,'Super Admin Admin','Super Admin Admin',NULL,151,651,'2020-09-09 04:18:35','2020-09-18 11:24:45',NULL,0,0,1,0,NULL,'10:00','11:00'),(291,'T202000000000291','2020-09-21',1,0,0,0,'Dr. Zeus',11,'Super Admin Admin','Super Admin Admin','follow up',331,661,'2020-09-12 04:39:51','2020-09-15 15:02:10',NULL,0,0,1,0,NULL,'10:00','11:00'),(301,'T202000000000301','2020-09-21',2,0,0,0,'Dr. Zeus',11,'staff 1 staff','staff 1 staff',NULL,101,721,'2020-09-12 04:54:47','2020-09-17 20:51:02',NULL,0,1,1,0,NULL,'12:00','13:00'),(311,'T202000000000311','2020-09-13',1,0,0,0,'Dr. Quack',1,'Super Admin Admin','Super Admin Admin','Patient has remaining balance, must pay next visit',91,341,'2020-09-13 09:41:17','2020-09-15 02:43:46',NULL,0,0,1,0,NULL,'15:00','16:00'),(321,'T202000000000321','2020-09-15',0,0,0,0,'Dr. AnzaYap',31,'Super Admin Admin','Super Admin Admin',NULL,341,811,'2020-09-15 04:35:37','2020-09-17 20:44:50',NULL,0,0,1,0,NULL,'11:00','12:00'),(331,'T202000000000331','2020-09-15',1,0,1000,0,'Dr. Quack',1,'Super Admin Admin','Super Admin Admin','patient still has remaining balance',121,901,'2020-09-15 05:02:27','2020-09-15 05:38:13',NULL,0,1,1,500,NULL,'14:00','15:00');
/*!40000 ALTER TABLE `transactions` ENABLE KEYS */;
UNLOCK TABLES;

--
-- Table structure for table `treatments`
--

DROP TABLE IF EXISTS `treatments`;
/*!40101 SET @saved_cs_client     = @@character_set_client */;
/*!50503 SET character_set_client = utf8mb4 */;
CREATE TABLE `treatments` (
  `id` int(11) NOT NULL AUTO_INCREMENT,
  `transactionId` int(11) DEFAULT NULL,
  `service` varchar(255) DEFAULT NULL,
  `amount` float DEFAULT '0',
  `discount` float DEFAULT '0',
  `status` int(11) DEFAULT '0',
  `remarks` varchar(255) DEFAULT NULL,
  `archive` int(11) DEFAULT '0',
  `reservationId` int(11) DEFAULT NULL,
  `createdAt` datetime NOT NULL,
  `updatedAt` datetime NOT NULL,
  `serviceId` int(11) DEFAULT NULL,
  `actualAmount` float DEFAULT '0',
  `paymentmethod` varchar(255) DEFAULT 'cash',
  `default_` int(1) NOT NULL DEFAULT '0',
  PRIMARY KEY (`id`)
) ENGINE=InnoDB AUTO_INCREMENT=1261 DEFAULT CHARSET=latin1;
/*!40101 SET character_set_client = @saved_cs_client */;

--
-- Dumping data for table `treatments`
--

LOCK TABLES `treatments` WRITE;
/*!40000 ALTER TABLE `treatments` DISABLE KEYS */;
INSERT INTO `treatments` VALUES (1,2,'Consultation',700,0,0,NULL,0,1,'2020-07-29 18:11:10','2020-07-29 19:32:09',1,700,'cash',1),(2,NULL,'Consultation',700,0,0,NULL,0,2,'2020-07-29 21:13:14','2020-07-29 21:13:14',1,700,'cash',1),(3,NULL,'Consultation',700,0,0,NULL,0,3,'2020-07-29 21:19:25','2020-07-29 21:19:25',1,700,'cash',1),(4,3,'Consultation',700,0,0,NULL,0,4,'2020-07-29 21:20:26','2020-07-29 22:03:47',1,700,'cash',1),(5,NULL,'Periapical Xray Analog',850,0,0,NULL,0,5,'2020-07-29 21:53:46','2020-07-29 21:53:46',2,850,'cash',1),(6,4,'Consultation',700,0,0,NULL,0,NULL,'2020-07-29 22:15:38','2020-07-29 22:15:38',1,700,'cash',1),(7,NULL,'Consultation',700,0,0,NULL,0,6,'2020-07-30 07:26:47','2020-07-30 07:26:47',1,700,'cash',1),(8,NULL,'Periapical Xray Analog',850,0,0,NULL,0,7,'2020-07-30 07:28:50','2020-07-30 07:28:50',2,850,'cash',1),(9,21,'Consultation',700,0,0,NULL,0,8,'2020-07-30 07:38:17','2020-07-31 04:32:24',1,700,'cash',1),(11,11,'Consultation',700,0,0,NULL,0,11,'2020-07-30 05:56:32','2020-07-30 12:27:46',1,700,'cash',1),(21,41,'Consultation',700,0,0,NULL,0,21,'2020-07-30 09:08:19','2020-08-01 07:37:04',1,700,'cash',1),(31,41,'Periapical Xray Analog',850,0,0,NULL,0,21,'2020-07-30 09:08:19','2020-08-01 07:37:04',2,850,'cash',1),(41,NULL,'Periapical Xray Analog',850,0,0,NULL,0,31,'2020-07-30 09:08:57','2020-07-30 09:08:57',2,850,'cash',1),(51,31,'Periapical Xray Analog',850,0,0,NULL,0,41,'2020-07-30 11:10:50','2020-08-01 07:23:39',2,850,'cash',1),(61,31,'Periapical Xray Digital',1500,0,0,NULL,1,41,'2020-07-30 11:10:50','2020-08-01 07:24:51',3,1500,'cash',1),(71,NULL,'Periapical Xray Digital',1500,0,0,NULL,0,51,'2020-08-01 07:32:32','2020-08-01 07:32:32',3,1500,'cash',1),(81,NULL,'Periapical Xray Analog',850,0,0,NULL,0,71,'2020-08-01 10:31:23','2020-08-01 10:31:23',2,850,'cash',1),(91,NULL,'Periapical Xray Digital',1500,0,0,NULL,0,71,'2020-08-01 10:31:23','2020-08-01 10:31:23',3,1500,'cash',1),(101,NULL,'Consultation',700,0,0,NULL,0,81,'2020-08-01 16:58:41','2020-08-01 16:58:41',31,700,'cash',1),(111,51,'Consultation',700,0,0,NULL,0,91,'2020-08-02 00:55:13','2020-08-02 15:42:22',1,700,'cash',1),(121,NULL,'Consultation',700,0,0,NULL,0,101,'2020-08-02 00:55:52','2020-08-02 00:55:52',31,700,'cash',1),(131,61,'Consultation',700,0,0,NULL,0,111,'2020-08-03 11:34:41','2020-08-03 11:40:54',31,700,'cash',1),(141,71,'Bitewing Analog',850,0,0,NULL,0,NULL,'2020-08-03 12:01:03','2020-08-03 12:01:03',4,850,'cash',1),(151,71,'Consultation',700,0,0,NULL,0,NULL,'2020-08-03 12:01:03','2020-08-03 12:01:03',1,700,'cash',1),(161,NULL,'Consultation',700,0,0,NULL,0,121,'2020-08-03 13:58:36','2020-08-03 13:58:36',1,700,'cash',1),(171,81,'Periapical Xray Analog',850,0,0,NULL,0,131,'2020-08-05 14:21:48','2020-08-05 14:34:46',2,1500,'cash',1),(181,91,'Consultation',700,0,0,NULL,0,151,'2020-08-09 03:22:19','2020-08-09 03:28:45',1,720,'healthcard',1),(191,0,'Consultation',700,0,0,NULL,0,561,'2020-08-09 03:32:29','2020-09-08 03:25:54',0,700,'healthcard',1),(201,0,'Periapical Xray Analog',850,0,0,NULL,0,561,'2020-08-09 03:32:29','2020-09-08 03:25:54',0,850,'cash',1),(211,NULL,'Consultation',700,0,0,NULL,0,181,'2020-08-15 13:15:51','2020-08-15 13:15:51',1,700,'cash',1),(221,111,'Consultation',700,0,0,NULL,0,191,'2020-08-16 10:25:20','2020-08-16 10:30:00',31,700,'cash',1),(231,111,'Consultation',700,0,0,NULL,0,NULL,'2020-08-16 10:31:35','2020-08-16 10:31:35',31,700,'cash',1),(241,121,'Periapical Xray Analog',850,0,0,NULL,0,321,'2020-08-16 12:10:58','2020-08-19 09:43:09',2,850,'cash',1),(251,121,'Consultation',700,0,0,NULL,0,321,'2020-08-16 12:10:58','2020-08-19 09:43:09',1,700,'cash',1),(261,NULL,'Periapical Xray Analog',850,0,0,NULL,0,211,'2020-08-16 12:41:51','2020-08-16 12:41:51',2,850,'cash',1),(271,131,'Periapical Xray Analog',850,0,0,NULL,0,221,'2020-08-16 12:45:25','2020-08-16 13:05:43',2,1500,'cash',1),(281,131,'Periapical Xray Digital',1500,0,0,NULL,0,221,'2020-08-16 12:45:25','2020-08-16 13:05:49',3,1000,'cash',1),(291,NULL,'Periapical Xray Analog',850,0,0,NULL,0,231,'2020-08-16 12:49:47','2020-08-16 12:49:47',2,850,'cash',1),(301,NULL,'Consultation',700,0,0,NULL,0,231,'2020-08-16 12:49:47','2020-08-16 12:49:47',1,700,'cash',1),(311,141,'Periapical Xray Analog',850,0,0,NULL,0,NULL,'2020-08-17 02:56:44','2020-08-17 02:56:44',2,850,'cash',1),(321,141,'Consultation',700,0,0,NULL,0,NULL,'2020-08-17 02:56:44','2020-08-17 03:04:23',1,700,'healthcard',1),(331,151,'Consultation',700,0,0,NULL,0,NULL,'2020-08-17 03:11:56','2020-08-17 03:11:56',31,700,'cash',1),(341,NULL,'Consultation',700,0,0,NULL,0,241,'2020-08-17 03:27:32','2020-08-17 03:27:32',1,700,'cash',1),(351,NULL,'Periapical Xray Analog',850,0,0,NULL,0,241,'2020-08-17 03:27:32','2020-08-17 03:27:32',2,850,'cash',1),(361,161,'Consultation',700,0,0,NULL,0,251,'2020-08-17 03:34:43','2020-08-17 03:35:19',31,700,'cash',1),(371,171,'Consultation',700,0,0,NULL,0,691,'2020-08-17 04:02:46','2020-09-11 04:17:34',1,700,'healthcard',1),(381,171,'Periapical Xray Digital',1500,0,0,NULL,1,691,'2020-08-17 04:02:46','2020-09-11 04:17:34',3,1500,'cash',1),(391,181,'Consultation',700,0,0,NULL,0,331,'2020-08-24 02:01:13','2020-08-24 06:48:39',1,700,'healthcard',1),(401,181,'Periapical Xray Digital',1500,0,0,NULL,0,331,'2020-08-24 02:01:13','2020-08-24 06:44:52',3,1500,'cash',1),(411,311,'Periapical Xray Analog',850,0,0,NULL,0,341,'2020-08-24 02:27:29','2020-09-13 09:41:17',2,850,'cash',1),(421,NULL,'Consultation',700,0,0,NULL,0,351,'2020-08-24 02:30:42','2020-08-24 02:30:42',31,700,'cash',1),(431,NULL,'Consultation',700,0,0,NULL,0,361,'2020-08-24 03:18:45','2020-08-24 03:18:45',31,700,'cash',1),(441,171,'Bitewing Analog',850,0,0,NULL,0,691,'2020-08-24 03:21:28','2020-09-11 04:17:34',4,1000,'cash',1),(451,191,'Periapical Xray Digital',1500,0,0,NULL,0,381,'2020-08-30 01:23:30','2020-08-30 03:13:50',3,2000,'cash',1),(461,191,'Consultation',700,0,0,NULL,0,381,'2020-08-30 01:23:30','2020-08-30 03:15:09',1,700,'healthcard',1),(471,NULL,'Consultation',700,0,0,NULL,0,391,'2020-08-30 02:57:08','2020-08-30 02:57:08',1,700,'cash',1),(481,211,'Periapical Xray Analog',850,0,0,NULL,0,461,'2020-08-30 03:02:27','2020-09-05 03:36:26',2,850,'cash',1),(491,211,'Periapical Xray Digital',1500,0,0,NULL,0,461,'2020-08-30 03:02:27','2020-09-05 03:36:26',3,1500,'cash',1),(501,NULL,'Consultation',700,0,0,NULL,0,411,'2020-08-30 03:26:55','2020-08-30 03:26:55',31,700,'cash',1),(511,201,'Consultation',700,0,0,NULL,0,NULL,'2020-09-02 02:49:58','2020-09-02 02:53:22',1,700,'healthcard',1),(521,NULL,'Consultation',700,0,0,NULL,0,421,'2020-09-03 01:45:17','2020-09-03 01:45:17',31,700,'cash',1),(531,NULL,'Consultation',700,0,0,NULL,0,431,'2020-09-03 02:21:01','2020-09-03 02:21:01',31,700,'cash',1),(541,NULL,'Periapical Xray Analog',850,0,0,NULL,0,441,'2020-09-03 09:42:38','2020-09-03 09:42:38',2,850,'cash',1),(551,NULL,'Tooth Extraction',1000,0,0,NULL,0,441,'2020-09-03 09:42:38','2020-09-03 09:42:38',13,1000,'cash',1),(561,NULL,'Periapical Xray Analog',850,0,0,NULL,0,451,'2020-09-03 10:15:53','2020-09-03 10:15:53',2,850,'cash',1),(571,221,'Consultation',700,0,0,NULL,0,471,'2020-09-05 03:40:45','2020-09-05 03:57:02',1,700,'healthcard',1),(581,221,'Periapical Xray Analog',850,0,0,NULL,0,471,'2020-09-05 03:40:45','2020-09-05 03:45:57',2,850,'cash',1),(591,241,'Bitewing Analog',850,0,0,NULL,1,481,'2020-09-05 03:42:44','2020-09-05 04:03:21',4,850,'cash',1),(601,241,'Bitewing Digital',1500,0,0,NULL,1,481,'2020-09-05 03:42:44','2020-09-05 04:03:32',5,1500,'cash',1),(611,231,'Consultation',700,0,0,NULL,0,491,'2020-09-05 03:43:29','2020-09-05 03:48:30',1,700,'cash',1),(621,NULL,'Tooth Extraction',1000,0,0,NULL,0,501,'2020-09-05 03:58:52','2020-09-05 03:58:52',13,1000,'cash',1),(631,NULL,'Consultation',700,0,0,NULL,0,511,'2020-09-05 04:01:23','2020-09-05 04:01:23',1,700,'cash',1),(641,241,'Consultation',700,0,0,NULL,0,NULL,'2020-09-05 04:03:28','2020-09-05 04:06:33',1,700,'healthcard',1),(651,NULL,'Consultation',700,0,0,NULL,0,521,'2020-09-05 08:58:36','2020-09-05 08:58:36',1,700,'cash',1),(661,NULL,'Bitewing Digital',1500,0,0,NULL,0,531,'2020-09-05 11:05:18','2020-09-05 11:05:18',5,1500,'cash',1),(671,101,'Consultation',700,0,0,NULL,0,541,'2020-09-06 05:09:06','2020-09-06 05:11:04',0,700,'cash',1),(681,101,'Periapical Xray Analog',850,0,0,NULL,0,541,'2020-09-06 05:09:06','2020-09-06 05:11:04',0,850,'cash',1),(711,251,'Consultation',700,0,0,NULL,0,571,'2020-09-08 03:28:21','2020-09-08 03:36:10',1,700,'healthcard',1),(721,251,'Tooth Extraction',1000,0,0,NULL,0,571,'2020-09-08 03:28:21','2020-09-08 03:35:04',13,1500,'cash',1),(731,251,'Periapical Xray Analog',850,0,0,NULL,1,NULL,'2020-09-08 03:31:12','2020-09-08 03:31:18',2,850,'cash',1),(741,NULL,'Consultation',700,0,0,NULL,0,581,'2020-09-08 03:41:08','2020-09-08 03:41:08',1,700,'cash',0),(751,NULL,'Consultation',700,0,0,NULL,0,591,'2020-09-08 03:41:56','2020-09-08 03:41:56',1,700,'cash',0),(761,261,'Consultation',700,0,0,NULL,0,601,'2020-09-08 05:34:24','2020-09-08 05:43:19',1,700,'healthcard',1),(771,261,'Bitewing Analog',850,0,0,NULL,1,601,'2020-09-08 05:34:24','2020-09-08 05:36:17',4,850,'cash',1),(781,261,'Bitewing Digital',1500,0,0,NULL,0,NULL,'2020-09-08 05:36:23','2020-09-08 05:36:23',5,1500,'cash',1),(791,271,'Consultation',700,0,0,NULL,0,611,'2020-09-08 05:49:37','2020-09-10 08:49:20',1,700,'healthcard',1),(801,NULL,'Consultation',700,0,0,NULL,0,621,'2020-09-08 05:52:21','2020-09-08 05:52:21',31,700,'cash',0),(811,NULL,'Periapical Xray Analog',850,0,0,NULL,0,631,'2020-09-08 05:54:34','2020-09-08 05:54:34',2,850,'cash',0),(821,NULL,'Bitewing Analog',850,0,0,NULL,0,641,'2020-09-08 05:56:50','2020-09-08 05:56:50',4,850,'cash',0),(831,281,'Consultation',700,0,0,NULL,0,651,'2020-09-09 02:48:24','2020-09-10 08:50:25',1,700,'healthcard',1),(841,291,'Bitewing Analog',850,0,0,NULL,0,661,'2020-09-09 15:50:15','2020-09-12 04:39:51',4,850,'cash',1),(851,291,'Periapical Xray Digital',1500,0,0,NULL,0,661,'2020-09-09 15:50:15','2020-09-12 04:39:51',3,1500,'cash',1),(881,NULL,'Consultation',700,0,0,NULL,0,701,'2020-09-12 04:17:32','2020-09-12 04:17:32',1,700,'cash',0),(891,NULL,'Periapical Xray Analog',850,0,0,NULL,0,701,'2020-09-12 04:17:32','2020-09-12 04:17:32',2,850,'cash',0),(901,271,'Consultation',700,0,0,NULL,0,711,'2020-09-12 04:23:28','2020-09-12 04:23:28',1,700,'cash',0),(911,301,'Consultation',700,0,0,NULL,0,721,'2020-09-12 04:24:18','2020-09-12 04:55:53',1,700,'healthcard',1),(921,NULL,'Consultation',700,0,0,NULL,0,731,'2020-09-12 04:41:27','2020-09-12 04:41:27',1,700,'cash',0),(931,NULL,'Tooth Extraction',1000,0,0,NULL,0,731,'2020-09-12 04:41:27','2020-09-12 04:41:27',13,1000,'cash',0),(941,NULL,'Consultation',700,0,0,NULL,0,741,'2020-09-12 04:43:21','2020-09-12 04:43:21',1,700,'cash',0),(951,NULL,'Periapical Xray Analog',850,0,0,NULL,0,741,'2020-09-12 04:43:21','2020-09-12 04:43:21',2,850,'cash',0),(961,291,'Periapical Xray Digital',1500,0,0,NULL,0,751,'2020-09-12 04:47:19','2020-09-12 04:47:19',3,1500,'cash',0),(971,291,'Bitewing Analog',850,0,0,NULL,0,751,'2020-09-12 04:47:19','2020-09-12 04:47:19',4,850,'cash',0),(981,NULL,'Consultation',700,0,0,NULL,0,761,'2020-09-12 08:38:04','2020-09-12 08:38:04',1,700,'cash',0),(991,311,'Periapical Xray Analog',0,0,0,NULL,0,771,'2020-09-13 09:49:10','2020-09-13 09:49:10',2,0,'cash',0),(1001,NULL,'Consultation',700,0,0,NULL,0,781,'2020-09-14 07:59:34','2020-09-14 07:59:34',1,700,'cash',0),(1011,311,'Periapical Xray Analog',0,0,0,NULL,0,791,'2020-09-14 08:06:27','2020-09-14 08:06:27',2,0,'cash',0),(1021,NULL,'Consultation',800,0,0,NULL,0,801,'2020-09-14 08:17:14','2020-09-14 08:17:14',31,800,'cash',0),(1031,321,'Consultation',700,0,0,NULL,0,811,'2020-09-14 08:37:51','2020-09-15 04:35:37',1,700,'cash',1),(1041,NULL,'Consultation',700,0,0,NULL,0,821,'2020-09-14 08:39:52','2020-09-14 08:39:52',1,700,'cash',0),(1051,NULL,'Periapical Xray Analog',850,0,0,NULL,0,821,'2020-09-14 08:39:52','2020-09-14 08:39:52',2,850,'cash',0),(1061,NULL,'Periapical Xray Analog',850,0,0,NULL,0,831,'2020-09-14 12:16:08','2020-09-14 12:16:08',2,850,'cash',0),(1071,NULL,'Consultation',700,0,0,NULL,0,831,'2020-09-14 12:16:08','2020-09-14 12:16:08',1,700,'cash',0),(1081,NULL,'Tooth Extraction',1600,0,0,NULL,0,841,'2020-09-14 12:16:38','2020-09-14 12:16:38',61,1600,'cash',0),(1091,NULL,'Consultation',800,0,0,NULL,0,841,'2020-09-14 12:16:38','2020-09-14 12:16:38',31,800,'cash',0),(1101,NULL,'Consultation',700,0,0,NULL,0,851,'2020-09-15 01:26:18','2020-09-15 01:26:18',1,700,'cash',0),(1111,NULL,'Bitewing Analog',850,0,0,NULL,0,851,'2020-09-15 01:26:18','2020-09-15 01:26:18',4,850,'cash',0),(1121,271,'Consultation',0,0,0,NULL,0,861,'2020-09-15 04:43:33','2020-09-15 04:43:33',1,0,'cash',0),(1131,271,'Consultation',700,0,0,NULL,0,871,'2020-09-15 04:45:37','2020-09-15 04:45:37',1,700,'cash',0),(1141,NULL,'Braces',27000,0,0,NULL,0,881,'2020-09-15 04:51:11','2020-09-15 04:51:11',51,27000,'cash',0),(1151,NULL,'Consultation',800,0,0,NULL,0,881,'2020-09-15 04:51:11','2020-09-15 04:51:11',31,800,'cash',0),(1161,NULL,'Consultation',700,0,0,NULL,0,891,'2020-09-15 04:55:54','2020-09-15 04:55:54',1,700,'cash',0),(1171,NULL,'Panoramic Analog',850,0,0,NULL,0,891,'2020-09-15 04:55:54','2020-09-15 04:55:54',6,850,'cash',0),(1181,331,'Consultation',700,0,0,NULL,1,901,'2020-09-15 04:58:49','2020-09-15 05:03:02',1,700,'cash',1),(1191,331,'Braces',25000,0,0,NULL,0,901,'2020-09-15 04:58:49','2020-09-15 05:02:27',41,25000,'cash',1),(1201,331,'Consultation',700,0,0,NULL,0,NULL,'2020-09-15 05:03:11','2020-09-15 05:10:11',1,700,'healthcard',1),(1211,331,'Tooth Extraction',1000,0,0,NULL,0,NULL,'2020-09-15 05:04:24','2020-09-15 05:07:14',13,1500,'cash',1),(1221,331,'Tooth Extraction',1000,0,0,NULL,0,911,'2020-09-15 05:13:35','2020-09-15 05:13:35',13,1500,'cash',0),(1231,331,'Consultation',700,0,0,NULL,0,911,'2020-09-15 05:13:35','2020-09-15 05:13:35',1,700,'cash',0),(1241,331,'Braces',25000,0,0,NULL,0,911,'2020-09-15 05:13:35','2020-09-15 05:13:35',41,25000,'cash',0),(1251,NULL,'Consultation',700,0,0,NULL,0,921,'2020-09-17 23:30:57','2020-09-17 23:30:57',1,700,'cash',0);
/*!40000 ALTER TABLE `treatments` ENABLE KEYS */;
UNLOCK TABLES;

--
-- Table structure for table `users`
--

DROP TABLE IF EXISTS `users`;
/*!40101 SET @saved_cs_client     = @@character_set_client */;
/*!50503 SET character_set_client = utf8mb4 */;
CREATE TABLE `users` (
  `id` int(11) NOT NULL AUTO_INCREMENT,
  `email` varchar(255) NOT NULL,
  `fullname` varchar(255) NOT NULL,
  `password` varchar(255) NOT NULL,
  `usertype` int(11) NOT NULL DEFAULT '0',
  `archive` int(11) NOT NULL DEFAULT '0',
  `createdAt` datetime NOT NULL,
  `updatedAt` datetime NOT NULL,
  `img` varchar(255) DEFAULT NULL,
  `bday` date DEFAULT NULL,
  `address` varchar(255) DEFAULT NULL,
  `contact` varchar(255) DEFAULT NULL,
  `employeeNo` varchar(255) DEFAULT NULL,
  `approvedStatus` int(11) DEFAULT '0',
  `firstname` varchar(255) DEFAULT NULL,
  `middlename` varchar(255) DEFAULT NULL,
  `lastname` varchar(255) DEFAULT NULL,
  `gender` varchar(255) DEFAULT NULL,
  `history` varchar(255) DEFAULT NULL,
  `branchId` int(11) DEFAULT NULL,
  `pushnotiftoken` text,
  PRIMARY KEY (`id`)
) ENGINE=InnoDB AUTO_INCREMENT=431 DEFAULT CHARSET=latin1;
/*!40101 SET character_set_client = @saved_cs_client */;

--
-- Dumping data for table `users`
--

LOCK TABLES `users` WRITE;
/*!40000 ALTER TABLE `users` DISABLE KEYS */;
INSERT INTO `users` VALUES (49,'superadmin@gmail.com','Super Admin Admin','$2b$10$4JQZI.pzhnBqTaPXdOnotOHzv.8kJycqmD9.buq8puteeyq/C8wcW',3,0,'2020-07-04 09:50:43','2020-08-01 07:58:52',NULL,'1996-03-05','','','000001',0,'Super','Admin','Admin','Male','',NULL,NULL),(59,'test@gmail.com','Test test test','$2b$10$0zkffMPzd0.CwCpJJOZ6ge.18kCLe1khmi5eYrk.WNw9ryWJAA8ce',2,0,'2020-07-29 19:24:49','2020-08-10 08:57:45',NULL,'2020-07-01','11th Avenue','','',0,'Test','test','test','Male','',NULL,''),(63,'staff@gmail.com','Staff Test Testing','$2b$10$46OF6ValyDBDjtdB41Ue7uUgNNpTEnUa.ze.zPqpcspHgEwzKKiMy',1,0,'2020-07-30 09:36:23','2020-09-17 23:13:52',NULL,'2020-07-01','','','0000000',0,'Staff','Test','Testing','Male','',1,NULL),(64,'admin@gmail.com','Admin Test Testing','$2b$10$q4VxFqsr3eSFKEQfkufFduKGuskYvuG9ioYto79bwJ2o0wnNe.ttm',0,0,'2020-07-30 11:22:54','2020-08-01 10:17:11',NULL,'2020-07-01','Pasay City','5465316524','000003',0,'Admin','Test','Testing','Male','',1,NULL),(81,'stafftest@gmail.com','Staff Test test','$2b$10$O4s/muhN4zw.cs8BekUMFOY8bv6uEy17fkPbU2M3Zs/J4MXvNpsrO',1,0,'2020-07-30 08:29:48','2020-09-18 12:01:22',NULL,'1999-02-18','','','',0,'Staff','Test','test','Male','',1,NULL),(91,'mariaalyssamaenepomuceno@gmail.com','Maria Alyssa Mae Tardio Nepomuceno','$2b$10$Wxv6PvCuRW5.5hdmE8OoJ.zRSDamARisUfc2BBdZlBSwEwoJ9bZlW',2,0,'2020-07-30 08:59:18','2020-09-15 01:52:25',NULL,'1999-03-05','Block 7 Lot 3 Pampanga Street Phase 1 Barangay Pinagsama Taguig City','09950345075','',0,'Maria Alyssa Mae','Tardio','Nepomuceno','Female','',NULL,''),(101,'rheafeireez9@gmail.com','killua cute zoldyck','$2b$10$oEijrtXfp5BlJv6vhARd2OIkhVvtXSD5RzlJRnQzhsp3q2rX5ehM6',2,0,'2020-07-30 09:06:49','2020-09-05 03:33:44','101_kil.png','1998-01-10','Taguig','253209556','',0,'killua','cute','zoldyck','Male','Asthma',NULL,''),(121,'rheafeireez.salazar@tup.edu.ph','Gon cool Freecss','$2b$10$nMg4XE06V5y9a5L4KNg.1.ZpcPt564rRJCryDHI.cMe4TtGy.YFrS',2,0,'2020-07-30 10:28:01','2020-09-11 03:56:53','121_gon.png','1998-09-10','Taguig','48965265320','',0,'Gon','cool','Freecss','Male','',NULL,''),(131,'rheafeireezs@gmail.com','Admin admin branch','$2b$10$ExfvX2FcT53YQQ1SHqXYK.YwvD4t7DdJW69gYEriMwKbUYxagVqfq',0,0,'2020-08-01 08:01:10','2020-08-15 08:28:29',NULL,'1998-08-10','Taguig','16512315','000002',0,'Admin','admin','branch','Male','',11,NULL),(141,'test2@gmail.com','test test test','$2b$10$LqXOoF7D8e12EMECt2zTO.ZHOFaAaWUbeaFnotg/ONKIlrvLbw2F2',0,1,'2020-08-01 10:04:34','2020-08-01 10:08:08',NULL,'1992-08-01','','','',0,'test','test','test','Male','',11,NULL),(151,'testing@gmail.com','testing testing testing','$2b$10$RWoZaXSjUYYjn.QAz1/HM.sME146KP.nFrj.YFwrSO5UGb5yYyeAK',2,0,'2020-08-02 00:54:33','2020-09-20 05:51:37','151_blob_profile.png','1998-01-15','','','',0,'testing','testing','testing','Male','',NULL,'fNrVU65KS3apjzcBZBHRGl:APA91bEeP5UHY2ezDWgFuulB6R5mstRfCAplrAUijQAxM8linVSPOanP5g91lg5bPJAIOVFmkj1ntz9OOqt7Cgea876vRv-UIAhBcSfyuTqJBQVA985-Oeoo55nf7774c_KTSa_pE4mw'),(161,'admin2@gmail.com','Admin two Admin','$2b$10$IArdoAtlQtrNizBYolvCieIrjWkjozZNwXPkp1IT0g7wjBdE.QHL2',0,0,'2020-08-03 12:09:35','2020-09-18 12:04:07',NULL,'1999-06-28','Taguig','651253245','0000003',0,'Admin','two','Admin','Male','',1,NULL),(171,'admint@gmail.com','Jose Mari Chan','$2b$10$KiiESVwsGrzjQYfRmNUfu.2Af63HXECMUobVqP0p88Z5HZEmoqTcS',0,0,'2020-08-15 11:11:21','2020-08-15 11:14:33',NULL,'1990-06-06','Western Bicutan Taguig City','09123123451','00002',0,'Jose','Mari','Chan','Male','',1,NULL),(181,'adminp@gmail.com','Rose Ty Chua','$2b$10$HTX525FVvkWyDcZbYrfCTOsUCGV8KUZ1NZjhaMZ1oOW8zJdagr3ZC',0,0,'2020-08-15 11:14:05','2020-08-15 11:14:18',NULL,'1991-12-12','Makati','09123475832','00004',0,'Rose','Ty','Chua','Female','',11,NULL),(191,'staff1@gmail.com','Maria M. Mercedes','$2b$10$7AVYWZi3RxnDv6IE7iNAqeoN19z.vcUNyFT1fgus8ClAQR6il4KvK',1,0,'2020-08-15 13:00:11','2020-08-15 13:00:11',NULL,'1995-03-03','Taguig City','09167382932','00012',0,'Maria','M.','Mercedes','Female','',1,NULL),(201,'pt@gmail.com','Jan T. Dyan','$2b$10$yuMy5e.GF/yyhAej.X0CH.nvxuwVVB1k2kLy/eIE5O0oJUz12n4fy',2,0,'2020-08-15 13:05:34','2020-08-16 02:10:02',NULL,'1999-04-04','Taguig','09123473843','',0,'Jan','T.','Dyan','Male','',NULL,''),(211,'admintwo@gmail.com','Admin 2 Admin','$2b$10$ZI3I/nr4p3xJmYoxxOro2eOL5DXJk092eQUmVKIFf7No4bBTykqba',0,0,'2020-08-16 09:41:06','2020-08-17 05:14:22',NULL,'1998-05-01','Pasay City','653245632','00003',0,'Admin','2','Admin','Male','',11,NULL),(221,'staff11@gmail.com','staff 1 staff','$2b$10$baQIeJnoYVMf93iMjCNmveuJx2XbbsgJ3XfnmU/OUepg.LVaIMiE2',1,0,'2020-08-16 09:49:19','2020-09-18 12:05:27',NULL,'1998-11-25','Taguig City','6745312651','00004',0,'staff','1','staff','Male','',1,NULL),(231,'test11@gmail.com','test 11 test','$2b$10$Pesr9hsIhSXKRizQjDqpkuFi2zt8AhCzd9Cxjo/XHrwRuZpmiyFyG',2,0,'2020-08-16 12:10:16','2020-08-18 06:55:35',NULL,'1999-05-12','Laguna','786306453','',0,'test','11','test','Female','Asthma',NULL,''),(241,'franchescanica.ongkiko@tup.edu.ph','Nica  Ongkiko','$2b$10$bma1coJeBkPjOTxG46jvKeWtBzIvqrHBKRkg/a5K0djUYdZOggWXq',2,0,'2020-08-17 05:07:08','2020-08-18 06:55:35',NULL,'1996-07-12','Taguig City','09123254897','',0,'Nica','','Ongkiko','Female','',NULL,''),(251,'test12@gmail.com','test 12 test','$2b$10$G3SgOhbihfwKlZF/MySamuWk72M0T7o3tv1ur/m34evGFcjyi8oVK',2,0,'2020-08-24 01:59:25','2020-08-24 09:14:17',NULL,'1998-05-02','Taguig','74532.46312','',0,'test','12','test','Male','sahfskafbs',NULL,''),(261,'ongkiko.f12@gmail.com','nica  ongkiko','$2b$10$AszS2RKcNV7gi6akl/rtBe4VG/iDwIri7WFRhlsu0NDs8qs7h7KC.',2,0,'2020-08-24 02:36:09','2020-08-24 09:14:17',NULL,'1994-12-24','Taguig City','','',0,'nica','','ongkiko','Female','',NULL,''),(271,'caitdoherty0@gmail.com','admin  clinic','$2b$10$nLCQlmeBt1jfsoCTMEgn4eoY3uKv4fn10aWK5XOHHT0eOVh86CBNa',0,0,'2020-08-24 02:44:45','2020-09-18 12:04:04',NULL,'1994-12-24','Taguig','','1000009731',0,'admin','','clinic','Female','',1,NULL),(281,'test@sample.com','Rosie   Dunne','$2b$10$dyP.SPS7vZ8LVshQOiUIkOljiqapN80wF678cn0vjuupqRVkWh2f6',2,0,'2020-09-05 06:35:53','2020-09-05 10:43:56',NULL,'1999-08-09','Manila','09123456789','',0,'Rosie ','','Dunne','Female','',NULL,''),(291,'tan.cardinoza.christian@gmail.com','christian cardinoza tan','$2b$10$J8fYWhMEc6giACcCCNvo0e5lRUeLRKgtlYorkwYBIu16xrgfEEXSy',2,0,'2020-09-05 07:36:48','2020-09-13 09:59:03',NULL,'1999-06-28','taguig city','09456012590','',0,'christian','cardinoza','tan','Male','',1,''),(301,'george.asufra@tup.edu.ph','George Valentin Asufra','$2b$10$OtgjC8TBtpLKkEqd9mMCEOHXEjYoGLKutwT.U4NyAlDKb.82oV6zy',2,0,'2020-09-05 08:57:05','2020-09-05 10:43:56',NULL,'1985-07-28','Taguig','09270175754','',0,'George','Valentin','Asufra','Male','',NULL,''),(311,'jearcita@gmail.com','Jessica P Arcita','$2b$10$KbNTAuD6shUTS988TRBTfO5csrM2iGNzcMq6OfXD.Ed7VQA130vd2',2,0,'2020-09-05 10:44:30','2020-09-17 23:12:05',NULL,'1992-02-21','taguig','091256789324','',0,'Jessica','P','Arcita','Female','',NULL,NULL),(321,'jstnhonrado@gmail.com','Justine Musni Honrado','$2b$10$eILDGYGTK5dAMO.xxdHlZOr/rzIW6yazDo/YX4tyH9K2eUwU856ZK',2,0,'2020-09-05 11:01:38','2020-09-05 11:02:26','321_PicsArt_04-12-07.51.23.jpg','1999-03-06','7 Kamias street, North Signal Taguig','09617267388','',0,'Justine','Musni','Honrado','Male','Head Injury',NULL,NULL),(331,'vida@gmail.com','Vi T. Da','$2b$10$5rxzOfolqUGQ.roIQ5xENOce4L.DhzOO8m.I21FZsTHBhQzXL7wEK',2,0,'2020-09-05 11:38:07','2020-09-14 14:41:37','331_maxresdefault (1).jpg','2000-05-05','Taguig','09234245213','',0,'Vi','T.','Da','Female','',NULL,NULL),(341,'edward.221096@gmail.com','Edward Fariñas Del Rosario','$2b$10$LSj95SjfXlhEz5aP0ZHCM.VU/K11nvoo.sugjZrAmrQgA.cn0a.wG',2,0,'2020-09-06 01:02:46','2020-09-15 11:21:10',NULL,'1996-10-22','028 Malugay Street San Martin De Porres Paranaque City','09989088857','',0,'Edward','Fariñas','Del Rosario','Male','',NULL,NULL),(351,'lenylibresalazar25@gmail.com','test9 test9 test9','$2b$10$iRdYg0B49AqCteSrZNXGOei.I68CKNna1fHAMsZgGMYKP8JKEuEWu',2,0,'2020-09-14 07:58:50','2020-09-14 07:58:50',NULL,'1872-03-05','Taguig City','56429562','',0,'test9','test9','test9','Female','Asthma',NULL,NULL),(361,'test10@gmail.com','test10 test10 test10','$2b$10$q9LClpY6beT9hnyHfeZG0u4bodVYdgIDy7kO6fjjB43Mf26VpFKw2',2,0,'2020-09-14 08:16:43','2020-09-14 08:16:43',NULL,'1998-03-25','Parañaque City','7684567845','',0,'test10','test10','test10','Male','',NULL,NULL),(371,'doctorbean7@gmail.com','Doctor  Bean','$2b$10$5dkWfoZRV6RB6Hpaa0U9ZuOWTdPP3sC5NDmmU.ONxvaZg4PT59jie',2,0,'2020-09-14 12:06:24','2020-09-14 12:06:24',NULL,'1990-12-24','','','',0,'Doctor','','Bean','Male','',NULL,NULL),(381,'collinsy@yahoo.com','juan  dela cruz  santos','$2b$10$zli4iC06nXPXF3lYQJ5TQe5up8qMMQtOhB6tvxnOHZ2kzg3v90SwO',2,0,'2020-09-14 13:26:29','2020-09-14 13:26:29',NULL,'2020-01-14','17 bh2 paranaque city','09178511267','',0,'juan ','dela cruz ','santos','Male','no prior medical history',NULL,NULL),(391,'onepiecejs122@gmail.com','alyssa t nepomuceno','$2b$10$AnyKKA84Pdi0cPtsk7GhO..ZkMXkDXuEvJ9iw.ED66Y0wt4Uy8lvy',2,0,'2020-09-15 04:09:18','2020-09-15 04:09:54','391_nt.PNG','1999-03-05','Taguig','0912764384','',0,'alyssa','t','nepomuceno','Female','',NULL,NULL),(401,'mareyaan@gmail.com','alyssa t nepomuceno','$2b$10$bn7M4fB.2lyXEb9h3aPfB.uavhLccBA1b/98UGnxl98g/NLejGWey',0,1,'2020-09-15 04:18:32','2020-09-15 04:18:55',NULL,'1999-03-05','taguig','0947583743','080755',0,'alyssa','t','nepomuceno','Female','',1,NULL),(411,'gg@gmail.com','test test test','$2b$10$hkqh08zTWSXLQRIdhHmaAuijkdzXY5twyPPjjtl/0lLvjMo7xD7se',3,1,'2020-09-19 14:14:27','2020-09-19 14:33:58',NULL,'2020-09-01','','','',0,'test','test','test','Male','',NULL,NULL),(421,'staff2@gmail.com','Rei To Man','$2b$10$DD.NB3qgvNqWyuIm/nHR4OSBVFejc.HpgEZSSnJS3hR1douIhQqhW',1,0,'2020-09-20 13:26:06','2020-09-20 13:26:06',NULL,'1990-10-09','PAranque','0917364827','00029',0,'Rei','To','Man','Male','',11,NULL);
/*!40000 ALTER TABLE `users` ENABLE KEYS */;
UNLOCK TABLES;
/*!40103 SET TIME_ZONE=@OLD_TIME_ZONE */;

/*!40101 SET SQL_MODE=@OLD_SQL_MODE */;
/*!40014 SET FOREIGN_KEY_CHECKS=@OLD_FOREIGN_KEY_CHECKS */;
/*!40014 SET UNIQUE_CHECKS=@OLD_UNIQUE_CHECKS */;
/*!40101 SET CHARACTER_SET_CLIENT=@OLD_CHARACTER_SET_CLIENT */;
/*!40101 SET CHARACTER_SET_RESULTS=@OLD_CHARACTER_SET_RESULTS */;
/*!40101 SET COLLATION_CONNECTION=@OLD_COLLATION_CONNECTION */;
/*!40111 SET SQL_NOTES=@OLD_SQL_NOTES */;

-- Dump completed on 2020-09-20 22:37:33
